group,strategy,workload,size_mib,ranks,rtt_us,data_loss,seed,pdcs,total_window_packets,search_window_bdp,tail_copies,condition_id,job_id,duration_ms,goodput_pct,goodput_gbps,algorithm_gbps,data_amplification,realized_loss_pct,feedback_to_data_pct,max_receiver_ooo_mib,window_payload_mib,asymptotic_ceiling_pct,ideal_fluid_reference_pct,window_packets,packets,data_transmissions,retransmissions,physical_drops,ack_transmissions,ack_drops,forward_wire_bytes,reverse_wire_bytes,event_count,tail_redundant_transmissions,closure_ack_transmissions,duplicate_deliveries,early_retransmissions,timeout_retransmissions,wall_seconds,ack_loss,loss_model,path_spread_us
wan_allreduce,optimized,ring_allreduce,1024,8,1000,0.05,11,3,94697,8,3,459bf5d07370e6f9,0eef81f890839f87,73.5441838399929,51.09984485212779,204.39937940851115,116.79964537629206,1.0917870657784599,5.003698642034343,0.7651131795352879,113.0703125,369.91015625,92.12121212121212,68.58450215852623,94697,3670016,4006876,336860,200492,1348914,67271,16925044224,129495744,18848942,147156,114912,136368,189687,17,52.0316241670007,0.05,iid,2
wan_allreduce,optimized,ring_allreduce,1024,8,1000,0.05,29,3,94697,8,3,459bf5d07370e6f9,aa74180b63be7f48,74.2108296533261,50.64080810787114,202.56323243148455,115.75041853227688,1.0918810708182198,5.002070013108835,0.7652219920896892,114.61328125,369.91015625,92.12121212121212,68.58450215852623,94697,3670016,4007221,337205,200444,1349222,67220,16926501504,129525312,18852630,147330,114912,136756,189848,27,50.65654812499997,0.05,iid,2
wan_allreduce,optimized,ring_allreduce,1024,8,1000,0.05,47,3,94697,8,3,459bf5d07370e6f9,ec8c2b4ebe1d0979,72.57239423999236,51.7841036299865,207.136414519946,118.36366543996914,1.091663088117327,5.003168663502912,0.7647610037623469,111.2265625,369.91015625,92.12121212121212,68.58450215852623,94697,3670016,4006421,336405,200448,1348140,67444,16923122304,129421440,18847170,146640,114912,135957,189724,41,52.423421292001876,0.05,iid,2
wan_allreduce,optimized,ring_allreduce,1024,8,10000,0.05,11,17,524288,8,3,cadb0933bda01c19,7dda113a033c26f3,447.02643349332834,8.40687731737029,33.62750926948116,19.21571958256066,1.1503009796142578,5.010442666244712,2.1931666392931644,121.05078125,2048.0,92.12121212121212,20.786491778498405,524288,3670016,4221623,551607,211522,4073838,202660,17832135552,391088448,27920935,367738,118048,340085,183736,133,73.91305629199996,0.05,iid,2
wan_allreduce,optimized,ring_allreduce,1024,8,10000,0.05,29,17,524288,8,3,cadb0933bda01c19,bfef863cbf401fc2,447.59996821332805,8.396105118150668,33.58442047260267,19.191097412915813,1.149569375174386,4.985211918259998,2.19378668280975,120.9765625,2048.0,92.12121212121212,20.786491778498405,524288,3670016,4218938,548922,210323,4072398,203186,17820794112,390950208,27841242,365948,118048,338599,182872,102,73.16914570799781,0.05,iid,2
wan_allreduce,optimized,ring_allreduce,1024,8,10000,0.05,47,17,524288,8,3,cadb0933bda01c19,037ce8d518fff0fd,441.4315214933275,8.513430058838257,34.053720235353026,19.459268705916013,1.1503958020891463,5.008040083648135,2.1932593266811335,121.14453125,2048.0,92.12121212121212,20.786491778498405,524288,3670016,4221971,551955,211438,4074346,203325,17833605504,391137216,27843691,367970,118048,340517,183893,92,72.84335250000004,0.05,iid,2
wan_allreduce,uet,ring_allreduce,1024,8,1000,0.05,11,1,32640,8,3,a0333e239588910e,fad51e9a193f2488,133.22177706666002,28.209324832227434,112.83729932890974,64.478456759377,1.3911824907575334,5.008517994336484,0.9814447176487594,127.375,127.5,92.12121212121212,68.58450215852623,32640,3670016,5105662,1435646,255718,2204807,110221,21566316288,211661472,24165744,0,0,1179905,1435633,13,81.24058466600036,0.05,iid,2
wan_allreduce,uet,ring_allreduce,1024,8,1000,0.05,29,1,32640,8,3,a0333e239588910e,9fbdc2e220314a89,129.8636450133266,28.938787168759543,115.75514867503816,66.14579924287897,1.3909132821219308,4.989917083833365,0.981354182817195,127.32421875,127.5,92.12121212121212,68.58450215852623,32640,3670016,5104674,1434658,254719,2204177,109934,21562142976,211600992,24046320,0,0,1179912,1434635,23,80.86383291699894,0.05,iid,2
wan_allreduce,uet,ring_allreduce,1024,8,1000,0.05,47,1,32640,8,3,a0333e239588910e,8895f89752dca47e,130.55229141332686,28.786138820818667,115.14455528327467,65.79688873329982,1.391784940447126,5.026260441479261,0.9814933107808634,127.4921875,127.5,92.12121212121212,68.58450215852623,32640,3670016,5107873,1437857,256735,2205871,110571,21575655552,211763616,24119201,0,0,1181100,1437849,8,80.31559333300174,0.05,iid,2
wan_allreduce,uet,ring_allreduce,1024,8,10000,0.05,11,1,32640,8,3,991c1492e6dac639,1b2d827e6999d17f,1217.234306239999,3.08740590429845,12.3496236171938,7.0569277812536,1.0557449885777064,5.011690235975266,0.6257312923083154,127.4921875,127.5,92.12121212121212,20.786491778498405,32640,3670016,3874601,204585,194183,1066762,53463,16366314624,102409152,18352936,0,0,10361,204559,26,57.498444000000745,0.05,iid,2
wan_allreduce,uet,ring_allreduce,1024,8,10000,0.05,29,1,32640,8,3,991c1492e6dac639,8135345faa9dd439,1325.7932391466643,2.834602163470729,11.338408653882915,6.479090659361665,1.0554542541503906,4.9933987929368895,0.6252934541288278,127.484375,127.5,92.12121212121212,20.786491778498405,32640,3670016,3873534,203518,193421,1065722,53173,16361807616,102309312,18353742,0,0,10024,203491,27,57.80943400000251,0.05,iid,2
wan_allreduce,uet,ring_allreduce,1024,8,10000,0.05,47,1,32640,8,3,991c1492e6dac639,59838cf6937c2365,1096.0306252799983,3.4288242475340818,13.715296990136329,7.837312565792188,1.0557597024100167,5.014123838122362,0.6257618713501882,127.47265625,127.5,92.12121212121212,20.786491778498405,32640,3670016,3874655,204639,194280,1066829,53647,16366542720,102415584,18345917,0,0,10320,204618,21,57.83543458300119,0.05,iid,2
wan_burst,optimized,bulk,1024,8,1000,0.05,11,3,94697,8,3,f17042ba1ee9073a,3b65557e3123e592,26.099155306764796,82.28172991649967,329.12691966599874,329.1269196659987,1.0567893981933594,4.951431428251712,0.7129248088743596,116.3828125,369.91015625,92.12121212121212,88.33200900159481,94697,262144,277031,14887,13717,86901,4338,1170178944,8342496,1261637,1162,8196,1170,13725,0,4.55827762500121,0.05,burst,2
wan_burst,optimized,bulk,1024,8,1000,0.05,29,3,94697,8,3,f17042ba1ee9073a,f3338fe51bdbc035,26.427003840099857,81.26095795776315,325.0438318310526,325.0438318310526,1.058258056640625,4.9834904980246275,0.7128857351086783,112.2734375,369.91015625,92.12121212121212,88.33200900159481,94697,262144,277416,15272,13825,87017,4278,1171805184,8353632,1263323,1542,8196,1447,13730,0,4.680081917002099,0.05,burst,2
wan_burst,optimized,bulk,1024,8,1000,0.05,47,3,94697,8,3,f17042ba1ee9073a,6c66bee33da0709c,28.364542826765142,75.71014491986125,302.840579679445,302.840579679445,1.0570297241210938,5.010934917392654,0.7113437710996662,125.3359375,369.91015625,92.12121212121212,88.33200900159481,94697,262144,277094,14950,13885,86728,4398,1170445056,8325888,1261263,1144,8196,1065,13801,5,4.569278042003134,0.05,burst,2
wan_burst,optimized,bulk,1024,8,1000,0.05,71,3,94697,8,3,f17042ba1ee9073a,a4f989e4eca1415b,26.02304800009773,82.52237201391378,330.08948805565507,330.0894880556551,1.0556411743164062,4.729158385429842,0.710661524360798,114.94921875,369.91015625,92.12121212121212,88.33200900159481,94697,262144,276730,14586,13087,86531,4255,1168907520,8306976,1260952,1544,8196,1499,13042,0,4.369595083000604,0.05,burst,2
wan_burst,optimized,bulk,1024,8,1000,0.05,101,3,94697,8,3,f17042ba1ee9073a,2809099a89486dd9,26.441561920099943,81.21621765344953,324.86487061379813,324.86487061379813,1.0578193664550781,5.004670015614801,0.7124273557679855,121.1171875,369.91015625,92.12121212121212,88.33200900159481,94697,262144,277301,15157,13878,86925,4462,1171319424,8344800,1262325,1308,8196,1279,13849,0,4.457325832998322,0.05,burst,2
wan_burst,uet,bulk,1024,8,1000,0.05,11,1,32640,8,3,3b75f8b250213d4e,12b6cc2419482e2d,43.926797653373555,48.887780642372284,195.55112256948914,195.55112256948914,1.2713050842285156,5.01072719907581,0.8690054188381346,127.42578125,127.5,92.12121212121212,88.33200900159481,32640,262144,333265,71121,16699,127428,6404,1407711360,12233088,1558561,0,0,54422,71121,0,9.653237624999747,0.05,burst,2
wan_burst,uet,bulk,1024,8,1000,0.05,29,1,32640,8,3,3b75f8b250213d4e,750fed118e8425bf,38.651451946696945,55.56023227695379,222.24092910781516,222.24092910781516,1.3026123046875,4.924854746509231,0.9014249005375656,127.41796875,127.5,92.12121212121212,88.33200900159481,32640,262144,341472,79328,16817,135437,6539,1442377728,13001952,1581402,0,0,62511,79328,1,10.0205549170023,0.05,burst,2
wan_burst,uet,bulk,1024,8,1000,0.05,47,1,32640,8,3,3b75f8b250213d4e,ecf608b2b866387c,41.03422175994177,52.333967988066156,209.33587195226465,209.3358719522646,1.271636962890625,4.995920228467206,0.873278369138601,127.33984375,127.5,92.12121212121212,88.33200900159481,32640,262144,333352,71208,16654,128088,6433,1408078848,12296448,1541104,0,0,54554,71208,0,9.60507512500044,0.05,burst,2
wan_burst,uet,bulk,1024,8,1000,0.05,71,1,32640,8,3,3b75f8b250213d4e,939b408565694da6,39.37921013338587,54.53343631642205,218.1337452656882,218.1337452656882,1.2649765014648438,4.98845014867041,0.8638126407406818,125.48046875,127.5,92.12121212121212,88.33200900159481,32640,262144,331606,69462,16542,126036,6257,1400703744,12099456,1530899,0,0,52920,69462,0,9.536599957998988,0.05,burst,2
wan_burst,uet,bulk,1024,8,1000,0.05,101,1,32640,8,3,3b75f8b250213d4e,31236b7419fcb664,40.00866901329634,53.67545836844292,214.70183347377167,214.70183347377167,1.2482452392578125,4.811747448199988,0.8523664923793278,125.5625,127.5,92.12121212121212,88.33200900159481,32640,262144,327220,65076,15745,122721,6214,1382177280,11781216,1510138,0,0,49331,65071,5,9.609673834002024,0.05,burst,2
wan_long_flow,optimized,bulk,4096,8,1000,0.05,11,3,94697,8,3,3059685fa2d4d530,2899e3439c7ee139,95.2762179201399,90.15822394629524,360.63289578518095,360.63289578518095,1.0537776947021484,4.972370190576,0.7136027879426319,156.29296875,369.91015625,92.12121212121212,91.14375725174986,94697,1048576,1104966,56390,54943,346943,17290,4667376384,33306528,5045232,1358,32772,1447,55032,0,33.9617482499998,0.05,iid,2
wan_long_flow,optimized,bulk,4096,8,1000,0.05,29,3,94697,8,3,3059685fa2d4d530,9e606441510421d6,95.25787658680562,90.17558337207161,360.70233348828646,360.70233348828646,1.0536012649536133,4.955371245522868,0.7133787354482678,156.82421875,369.91015625,92.12121212121212,91.14375725174986,94697,1048576,1104781,56205,54746,346776,16864,4666594944,33290496,5044518,1372,32772,1459,54833,0,33.96611800000028,0.05,iid,2
wan_long_flow,optimized,bulk,4096,8,1000,0.05,47,3,94697,8,3,3059685fa2d4d530,c02a01118de7317d,95.31153056014163,90.1248205911429,360.4992823645716,360.4992823645716,1.0542221069335938,5.011615368471331,0.714093511117661,157.7265625,369.91015625,92.12121212121212,91.14375725174986,94697,1048576,1105432,56856,55400,347328,17505,4669344768,33343488,5046953,1382,32772,1456,55474,0,33.714199291000114,0.05,iid,2
wan_long_flow,optimized,bulk,4096,8,5000,0.05,11,15,473485,8,3,7177ba6fcd8777c6,9315a35a95bad1e6,105.41683957328749,81.48541188268254,325.94164753073017,325.94164753073017,1.0592937469482422,5.0152599594868335,2.2249115053301414,599.86328125,1849.55078125,92.12121212121212,87.43291887530654,473485,1048576,1110750,62174,55707,1087381,54116,4691808000,104388576,6515040,6782,32790,6467,55392,0,27.27824037499886,0.05,iid,2
wan_long_flow,optimized,bulk,4096,8,5000,0.05,29,15,473485,8,3,7177ba6fcd8777c6,7fac4c3d4f7400ae,104.18130122679443,82.45178828492834,329.80715313971336,329.80715313971336,1.058976173400879,4.982722706874985,2.2258611772956383,596.98046875,1849.55078125,92.12121212121212,87.43291887530654,473485,1048576,1110417,61841,55329,1087519,53869,4690401408,104401824,6514081,6786,32790,6512,55054,1,27.824365292002767,0.05,iid,2
wan_long_flow,optimized,bulk,4096,8,5000,0.05,47,15,473485,8,3,7177ba6fcd8777c6,e497d51a425f5bc5,104.22819680013012,82.4146906088399,329.6587624353596,329.6587624353596,1.0589981079101562,5.008555167321062,2.225630871955752,584.69921875,1849.55078125,92.12121212121212,87.43291887530654,473485,1048576,1110440,61864,55617,1087429,54384,4690498560,104393184,6512926,6570,32790,6247,55293,1,27.726951250002458,0.05,iid,2
wan_long_flow,optimized,bulk,4096,8,10000,0.05,11,17,524288,8,3,9a22f99155852dd1,7cd5b0f5010ae04b,121.35451167995114,70.7838091314996,283.1352365259984,283.1352365259984,1.0659599304199219,5.003399717286667,2.173572240739024,1261.578125,2048.0,92.12121212121212,83.19871520410237,524288,1048576,1117740,69164,55925,1068975,53153,4721333760,102621600,6597833,14154,32776,13239,55010,0,26.918984416999592,0.05,iid,2
wan_long_flow,optimized,bulk,4096,8,10000,0.05,29,17,524288,8,3,9a22f99155852dd1,66037baf3d4980a3,123.01285408003305,69.8295690823605,279.318276329442,279.318276329442,1.0657196044921875,4.966854230202024,2.175547054888041,1214.74609375,2048.0,92.12121212121212,83.19871520410237,524288,1048576,1117488,68912,55504,1069705,52965,4720269312,102691680,6596493,14272,32776,13408,54638,2,27.17690633299935,0.05,iid,2
wan_long_flow,optimized,bulk,4096,8,10000,0.05,47,17,524288,8,3,9a22f99155852dd1,990b53238dabc30a,120.36489087995162,71.36578224099706,285.46312896398825,285.46312896398825,1.066171646118164,5.005179066909251,2.170776336356204,1268.28125,2048.0,92.12121212121212,83.19871520410237,524288,1048576,1117962,69386,55956,1067812,53287,4722271488,102509952,6592044,14328,32776,13430,55058,0,27.726354207999975,0.05,iid,2
wan_matrix,coverage_fixed,bulk,1024,8,1000,0.0,11,1,32640,8,3,c2b5642ebc1bf635,b51084ea74a8f7cf,23.14692704009414,92.77618771080145,371.10475084320586,371.1047508432058,1.0,0.0,0.6037191911177201,0.046875,127.5,96.96969696969697,92.78020372339302,32640,262144,262144,0,0,69635,0,1107296256,6684960,1195060,0,8192,0,0,0,7.932828749999317,0.0,iid,2
wan_matrix,coverage_fixed,bulk,1024,8,1000,0.001,11,1,32640,8,3,a484350526ee3945,8632808937806269,24.149549120093635,88.92437855964714,355.69751423858855,355.69751423858855,1.0012168884277344,0.1108727706381471,0.6051329139726361,50.84375,127.5,96.87272727272727,92.69142817395299,32640,262144,262463,319,291,69883,65,1108643712,6708768,1200440,28,8192,28,291,0,8.135531583000557,0.001,iid,2
wan_matrix,coverage_fixed,bulk,1024,8,1000,0.001,29,1,32640,8,3,a484350526ee3945,37dd0cb9c84e334d,24.09268490676,89.13426030809262,356.5370412323705,356.5370412323705,1.0011138916015625,0.10364431709064305,0.6050479493528466,50.8515625,127.5,96.87272727272727,92.69142817395299,32640,262144,262436,292,272,69866,61,1108529664,6707136,1200311,20,8192,20,272,0,8.172294999996666,0.001,iid,2
wan_matrix,coverage_fixed,bulk,1024,8,1000,0.001,47,1,32640,8,3,a484350526ee3945,464a33dff2d7c777,24.21965834676067,88.6669670254544,354.6678681018176,354.6678681018176,1.001068115234375,0.10060055482730239,0.604945708956775,50.8671875,127.5,96.87272727272727,92.69142817395299,32640,262144,262424,280,264,69851,75,1108478976,6705696,1200251,16,8192,16,264,0,8.070767500001239,0.001,iid,2
wan_matrix,coverage_fixed,bulk,1024,8,1000,0.001,71,1,32640,8,3,a484350526ee3945,b4577d37ee901669,25.385438933423142,84.59509617430983,338.3803846972394,338.3803846972393,1.0011749267578125,0.10782924115647814,0.6052188937059313,101.609375,127.5,96.87272727272727,92.69142817395299,32640,262144,262452,308,283,69890,58,1108597248,6709440,1204570,22,8192,25,286,0,8.031751875001646,0.001,iid,2
wan_matrix,coverage_fixed,bulk,1024,8,1000,0.001,101,1,32640,8,3,a484350526ee3945,716dbfa2c65d5b10,24.21654176009399,88.67837816292995,354.7135126517198,354.7135126517198,1.0010948181152344,0.10097892398382813,0.6050075153953888,50.875,127.5,96.87272727272727,92.69142817395299,32640,262144,262431,287,265,69860,62,1108508544,6706560,1200305,22,8192,22,265,0,8.234887667000294,0.001,iid,2
wan_matrix,coverage_fixed,bulk,1024,8,1000,0.01,11,1,32640,8,3,cb4683dcbd6c807c,7dc0af35af289089,26.93050506672177,79.74167742786457,318.9667097114583,318.9667097114583,1.0107192993164062,0.9926251349290821,0.6154241525287065,100.36328125,127.5,96.0,91.89210288730395,32640,262144,264954,2810,2630,71746,751,1119165696,6887616,1217027,172,8192,180,2637,1,8.367820125000435,0.01,iid,2
wan_matrix,coverage_fixed,bulk,1024,8,1000,0.01,29,1,32640,8,3,cb4683dcbd6c807c,b9ef46c2588c9937,26.53047445340803,80.9440348219683,323.7761392878732,323.7761392878732,1.0106849670410156,0.9802034384494895,0.6149904182514724,100.69140625,127.5,96.0,91.89210288730395,32640,262144,264945,2801,2597,71693,679,1119127680,6882528,1215104,190,8192,204,2611,0,8.295689917002164,0.01,iid,2
wan_matrix,coverage_fixed,bulk,1024,8,1000,0.01,47,1,32640,8,3,cb4683dcbd6c807c,cb80fd1f7bda8208,26.946338453404945,79.69482205210866,318.77928820843465,318.77928820843465,1.0110359191894531,0.9926915864577399,0.6160889371535432,100.61328125,127.5,96.0,91.89210288730395,32640,262144,265037,2893,2631,71846,746,1119516288,6897216,1218243,246,8192,262,2646,1,8.327779499999451,0.01,iid,2
wan_matrix,coverage_fixed,bulk,1024,8,1000,0.01,71,1,32640,8,3,cb4683dcbd6c807c,906c1e89479dae49,27.365675626729892,78.4736206513538,313.8944826054152,313.8944826054152,1.011077880859375,1.0232108901029249,0.6156603538021244,100.39453125,127.5,96.0,91.89210288730395,32640,262144,265048,2904,2712,71799,665,1119562752,6892704,1218150,184,8192,192,2720,0,8.45730954100145,0.01,iid,2
wan_matrix,coverage_fixed,bulk,1024,8,1000,0.01,101,1,32640,8,3,cb4683dcbd6c807c,32ed369361fc1b73,26.943362560045145,79.70362434214306,318.81449736857223,318.81449736857223,1.0110206604003906,0.989688076579143,0.6158581281301848,100.37109375,127.5,96.0,91.89210288730395,32640,262144,265033,2889,2623,71818,697,1119499392,6894528,1218244,252,8192,266,2636,1,8.348966207999183,0.01,iid,2
wan_matrix,coverage_fixed,bulk,1024,8,1000,0.03,11,1,32640,8,3,df2f1b8d90ac8eb5,48265f61dc0fdd70,31.39295402673451,68.4065490036772,273.6261960147088,273.6261960147088,1.031097412109375,2.971557107763341,0.629654829587496,126.58984375,127.5,94.06060606060606,90.113596048887,32640,262144,270296,8152,8032,74885,2293,1141730304,7188960,1244006,80,8192,120,8071,1,8.658980500000325,0.03,iid,2
wan_matrix,coverage_fixed,bulk,1024,8,1000,0.03,29,1,32640,8,3,df2f1b8d90ac8eb5,ef6e7fa6b2640d37,31.397258346729483,68.397170997693,273.588683990772,273.588683990772,1.03314208984375,2.9815531399539195,0.6338884353668427,126.6796875,127.5,94.06060606060606,90.113596048887,32640,262144,270832,8688,8075,75538,2185,1143994368,7251648,1249105,574,8192,613,8112,2,8.514683084002172,0.03,iid,2
wan_matrix,coverage_fixed,bulk,1024,8,1000,0.03,47,1,32640,8,3,df2f1b8d90ac8eb5,21a1c3428ce756ec,29.615339093391533,72.51254632702135,290.0501853080854,290.0501853080854,1.0319442749023438,3.0301125987919475,0.6287768449620896,126.66796875,127.5,94.06060606060606,90.113596048887,32640,262144,270518,8374,8197,74842,2271,1142668032,7184832,1239166,136,8192,177,8237,1,8.633889500000805,0.03,iid,2
wan_matrix,coverage_fixed,bulk,1024,8,1000,0.03,71,1,32640,8,3,df2f1b8d90ac8eb5,8bb756dca1cc017d,29.588385920031094,72.57860073219375,290.314402928775,290.314402928775,1.0325698852539062,3.0290155976385575,0.629965991626538,126.5234375,127.5,94.06060606060606,90.113596048887,32640,262144,270682,8538,8199,75029,2201,1143360768,7202784,1241144,314,8192,339,8224,0,8.590082124999753,0.03,iid,2
wan_matrix,coverage_fixed,bulk,1024,8,1000,0.03,101,1,32640,8,3,df2f1b8d90ac8eb5,5c10283aef9f0179,31.35662762673789,68.4857974385241,273.9431897540964,273.9431897540964,1.0331230163574219,3.011885816406784,0.6328175953988743,126.55078125,127.5,94.06060606060606,90.113596048887,32640,262144,270827,8683,8157,75409,2302,1143973248,7239264,1248232,496,8192,526,8187,0,8.539258332999452,0.03,iid,2
wan_matrix,coverage_fixed,bulk,1024,8,1000,0.05,11,1,32640,8,3,af173e7a2a7b6288,7d5e3596e6b86df3,33.720426346710724,63.68494947008513,254.73979788034052,254.73979788034052,1.056915283203125,4.924133052291167,0.6480452169895764,126.03515625,127.5,92.12121212121212,88.33200900159481,32640,262144,277064,14920,13643,79002,4018,1170318336,7584192,1276023,1282,8192,1277,13637,1,8.586436458001117,0.05,iid,2
wan_matrix,coverage_fixed,bulk,1024,8,1000,0.05,29,1,32640,8,3,af173e7a2a7b6288,eb2aadf3e831bf65,36.23111008002976,59.271814836931334,237.08725934772534,237.08725934772534,1.0559234619140625,4.976445427089204,0.6459115803633947,127.44921875,127.5,92.12121212121212,88.33200900159481,32640,262144,276804,14660,13775,78668,3804,1169220096,7552128,1273525,864,8192,885,13795,1,8.664512999999715,0.05,iid,2
wan_matrix,coverage_fixed,bulk,1024,8,1000,0.05,47,1,32640,8,3,af173e7a2a7b6288,93f485bb0076e612,35.94794069337776,59.73871121901577,238.95484487606308,238.9548448760631,1.05499267578125,5.01663291871565,0.6452569884555711,125.9609375,127.5,92.12121212121212,88.33200900159481,32640,262144,276560,14416,13874,78519,3981,1168189440,7537824,1274289,518,8192,542,13897,1,8.62972341600107,0.05,iid,2
wan_matrix,coverage_fixed,bulk,1024,8,1000,0.05,71,1,32640,8,3,af173e7a2a7b6288,f56563f4da55eea2,35.77331978671683,60.030314793355934,240.12125917342374,240.12125917342374,1.0584068298339844,5.03865491701357,0.652382614052074,127.36328125,127.5,92.12121212121212,88.33200900159481,32640,262144,277455,15311,13980,79643,3937,1171969920,7645728,1282325,1360,8192,1331,13950,1,8.657624041999952,0.05,iid,2
wan_matrix,coverage_fixed,bulk,1024,8,1000,0.05,101,1,32640,8,3,af173e7a2a7b6288,8302d51408ca13ad,35.83157962671449,59.932709368998296,239.73083747599318,239.73083747599318,1.0564346313476562,5.056727498573688,0.6490868648644036,126.96484375,127.5,92.12121212121212,88.33200900159481,32640,262144,276938,14794,14004,79093,4046,1169786112,7592928,1279436,756,8192,790,14036,2,8.63541287499902,0.05,iid,2
wan_matrix,coverage_fixed,bulk,1024,8,1000,0.1,11,1,32640,8,3,507fa3d303433cee,740f8c131550f87a,41.67317493333024,51.531558405031454,206.12623362012582,206.12623362012582,1.1165809631347656,9.939358740028355,0.6766819214505452,127.03515625,127.5,87.27272727272727,83.8645128427806,32640,262144,292705,30561,29093,87150,8794,1236385920,8366400,1339311,1504,8192,1468,29055,2,9.126071499998943,0.1,iid,2
wan_matrix,coverage_fixed,bulk,1024,8,1000,0.1,29,1,32640,8,3,507fa3d303433cee,02b022427a55c784,43.908278186639244,48.90840034473165,195.6336013789266,195.6336013789266,1.1212425231933594,9.984451921735669,0.6836422278011517,127.15234375,127.5,87.27272727272727,83.8645128427806,32640,262144,293927,31783,29347,88414,8736,1241547648,8487744,1349000,2624,8192,2436,29154,5,9.09660391700163,0.1,iid,2
wan_matrix,coverage_fixed,bulk,1024,8,1000,0.1,47,1,32640,8,3,507fa3d303433cee,db4dac4da1b1a3b2,44.05129663997786,48.749612651607954,194.99845060643185,194.99845060643182,1.1213836669921875,10.078104801948538,0.6849632793625935,127.3046875,127.5,87.27272727272727,83.8645128427806,32640,262144,293964,31820,29626,88596,8902,1241703936,8505216,1351286,2362,8192,2194,29454,4,9.010780208998767,0.1,iid,2
wan_matrix,coverage_fixed,bulk,1024,8,1000,0.1,71,1,32640,8,3,507fa3d303433cee,91a318951815a3af,42.55453909328566,50.46426759064191,201.85707036256764,201.85707036256764,1.120269775390625,10.046923097877904,0.6825642213081261,126.9765625,127.5,87.27272727272727,83.8645128427806,32640,262144,293672,31528,29505,88198,8674,1240470528,8467008,1348165,2118,8192,2023,29403,7,8.84753400000045,0.1,iid,2
wan_matrix,coverage_fixed,bulk,1024,8,1000,0.1,101,1,32640,8,3,507fa3d303433cee,f1d2602fdfd2880c,43.90450133329227,48.91260765491461,195.65043061965844,195.65043061965844,1.1168632507324219,10.066637292975248,0.677791719413557,127.1484375,127.5,87.27272727272727,83.8645128427806,32640,262144,292779,30635,29473,87315,8652,1236698496,8382240,1342692,1126,8192,1162,29505,4,9.115169832999527,0.1,iid,2
wan_matrix,coverage_fixed,bulk,1024,8,2000,0.0,11,1,32640,8,3,cd37b1903151777b,04506acff89878dd,24.14692704009414,88.93403472973047,355.7361389189219,355.7361389189219,1.0,0.0,0.6037191911177201,0.046875,127.5,96.96969696969697,88.93772499200064,32640,262144,262144,0,0,69635,0,1107296256,6684960,1194061,0,8192,0,0,0,8.261206667000806,0.0,iid,2
wan_matrix,coverage_fixed,bulk,1024,8,2000,0.001,11,1,32640,8,3,2d56dcc7c34941b2,e0e1aa431cf418b4,36.33450037336191,59.10315611699989,236.41262446799956,236.41262446799956,1.0013313293457031,0.1108600991264529,0.6058862868377789,101.68359375,127.5,96.87272727272727,88.85614719600323,32640,262144,262493,349,291,69978,65,1108770432,6717888,1235601,52,8192,58,297,0,8.846388750000187,0.001,iid,2
wan_matrix,coverage_fixed,bulk,1024,8,2000,0.001,29,1,32640,8,3,2d56dcc7c34941b2,53e7cb86bf1157df,37.032560320037575,57.98906771342083,231.95627085368332,231.9562708536833,1.0011978149414062,0.10363562931973878,0.6057592591438007,127.41015625,127.5,96.87272727272727,88.85614719600323,32640,262144,262458,314,272,69954,61,1108622592,6715584,1237216,42,8192,42,272,0,8.693981749998784,0.001,iid,2
wan_matrix,coverage_fixed,bulk,1024,8,2000,0.001,47,1,32640,8,3,2d56dcc7c34941b2,582537fd33bdc167,36.404573973348555,58.9893909916966,235.9575639667864,235.9575639667864,1.0011825561523438,0.10058905560593476,0.6055866413300478,101.6796875,127.5,96.87272727272727,88.85614719600323,32640,262144,262454,310,264,69933,75,1108605696,6713568,1235372,34,8192,46,276,0,8.742141791000904,0.001,iid,2
wan_matrix,coverage_fixed,bulk,1024,8,2000,0.001,71,1,32640,8,3,2d56dcc7c34941b2,7bd5d123e415a427,36.252951360026074,59.236105404866414,236.94442161946566,236.94442161946566,1.0012893676757812,0.10781691696954458,0.6057731404612333,101.66796875,127.5,96.87272727272727,88.85614719600323,32640,262144,262482,338,283,69962,58,1108723968,6716352,1235581,54,8192,55,284,0,8.648286415998882,0.001,iid,2
wan_matrix,coverage_fixed,bulk,1024,8,2000,0.001,101,1,32640,8,3,2d56dcc7c34941b2,4bb74657bfe69916,36.40240682667747,58.992902810652026,235.97161124260813,235.9716112426081,1.001220703125,0.10096622774932944,0.6057713889073618,101.66015625,127.5,96.87272727272727,88.85614719600323,32640,262144,262464,320,265,69957,62,1108647936,6715872,1235470,48,8192,55,272,0,8.612129291999736,0.001,iid,2
wan_matrix,coverage_fixed,bulk,1024,8,2000,0.01,11,1,32640,8,3,058c382476e8c0fa,32243ae0f348c555,49.644878186603805,43.25690235210362,173.0276094084145,173.0276094084145,1.0107650756835938,0.9929575870111637,0.6190588432272272,127.23828125,127.5,96.0,88.12133839201769,32640,262144,264966,2822,2631,72173,754,1119216384,6928608,1256902,174,8192,191,2647,1,8.608599125000183,0.01,iid,2
wan_matrix,coverage_fixed,bulk,1024,8,2000,0.01,29,1,32640,8,3,058c382476e8c0fa,ef587309fe7323cb,44.55977770659728,48.193320490511674,192.77328196204672,192.7732819620467,1.0119781494140625,0.9797047692284495,0.6212895682294516,127.11328125,127.5,96.0,88.12133839201769,32640,262144,265284,3140,2599,72520,686,1120559616,6961920,1259950,540,8192,541,2600,0,8.628482249998342,0.01,iid,2
wan_matrix,coverage_fixed,bulk,1024,8,2000,0.01,47,1,32640,8,3,058c382476e8c0fa,446a1e6a9408681a,47.455176213280325,45.25288534065177,181.0115413626071,181.0115413626071,1.0107650756835938,0.9929575870111637,0.6191531949553734,127.2578125,127.5,96.0,88.12133839201769,32640,262144,264966,2822,2631,72184,752,1119216384,6929664,1257964,172,8192,191,2650,0,8.670116500001313,0.01,iid,2
wan_matrix,coverage_fixed,bulk,1024,8,2000,0.01,71,1,32640,8,3,058c382476e8c0fa,42668a74ca884739,48.18954367996824,44.56327003761774,178.25308015047096,178.25308015047096,1.0123062133789062,1.0234766552360854,0.6216620361964598,127.21484375,127.5,96.0,88.12133839201769,32640,262144,265370,3226,2716,72587,672,1120922880,6968352,1261851,508,8192,510,2718,0,8.43397695800013,0.01,iid,2
wan_matrix,coverage_fixed,bulk,1024,8,2000,0.01,101,1,32640,8,3,058c382476e8c0fa,aad88497b9ae06be,48.20090133323232,44.55276952506712,178.2110781002685,178.21107810026848,1.0120010375976562,0.9898601530400694,0.6214554227106529,127.23046875,127.5,96.0,88.12133839201769,32640,262144,265290,3146,2626,72541,703,1120584960,6963936,1259699,504,8192,520,2642,0,8.082856790999358,0.01,iid,2
wan_matrix,coverage_fixed,bulk,1024,8,2000,0.03,11,1,32640,8,3,f14924b8fab78939,055f5d9762f93759,61.41422783984617,34.967200981507595,139.86880392603038,139.86880392603038,1.0355072021484375,2.9699541723767,0.6495539810822071,127.484375,127.5,94.06060606060606,86.48449782110757,32640,262144,271452,9308,8062,77582,2375,1146613248,7447872,1292937,1246,8192,1246,8062,0,8.223250042003201,0.03,iid,2
wan_matrix,coverage_fixed,bulk,1024,8,2000,0.03,29,1,32640,8,3,f14924b8fab78939,67dcaa078fb17b03,56.33454090663621,38.12019435037282,152.48077740149128,152.48077740149128,1.03155517578125,2.982811667948642,0.6422007707989307,126.6640625,127.5,94.06060606060606,86.48449782110757,32640,262144,270416,8272,8066,76411,2212,1142237184,7335456,1286879,158,8192,206,8112,2,8.12164712500089,0.03,iid,2
wan_matrix,coverage_fixed,bulk,1024,8,2000,0.03,47,1,32640,8,3,f14924b8fab78939,00e0664689bfb825,56.33297066661419,38.12125692268363,152.4850276907345,152.4850276907345,1.0361061096191406,3.031195578938842,0.6497642500131372,126.90234375,127.5,94.06060606060606,86.48449782110757,32640,262144,271609,9465,8233,77652,2355,1147276416,7454592,1291444,1230,8192,1232,8234,1,8.212894541000423,0.03,iid,2
wan_matrix,coverage_fixed,bulk,1024,8,2000,0.03,71,1,32640,8,3,f14924b8fab78939,b6af703eea344ff8,54.08011743998653,39.70930074963489,158.83720299853957,158.83720299853957,1.0370864868164062,3.028330133227399,0.6510978336252552,127.19140625,127.5,94.06060606060606,86.48449782110757,32640,262144,271866,9722,8233,77885,2288,1148361984,7476960,1289773,1498,8192,1489,8223,1,8.172106958001677,0.03,iid,2
wan_matrix,coverage_fixed,bulk,1024,8,2000,0.03,101,1,32640,8,3,f14924b8fab78939,47638f28fe098809,54.073177386652254,39.71439726288579,158.85758905154316,158.85758905154316,1.035888671875,3.012314400188546,0.6489130493004521,126.71484375,127.5,94.06060606060606,86.48449782110757,32640,262144,271552,9408,8180,77534,2367,1147035648,7443264,1290422,1228,8192,1228,8180,0,8.163979791999736,0.03,iid,2
wan_matrix,coverage_fixed,bulk,1024,8,2000,0.05,11,1,32640,8,3,66b6c3213cb695a6,25b066a51ac3bbe3,63.524527253290536,33.80558251834549,135.22233007338195,135.22233007338195,1.0587539672851562,4.922787573951705,0.6690291470111752,127.390625,127.5,92.12121212121212,84.84221153559011,32640,262144,277546,15402,13663,81702,4136,1172354304,7843392,1317828,1782,8192,1739,13619,1,8.293072917000245,0.05,iid,2
wan_matrix,coverage_fixed,bulk,1024,8,2000,0.05,29,1,32640,8,3,66b6c3213cb695a6,5a74e6895fde8795,65.06552927987512,33.00493628143313,132.01974512573253,132.01974512573253,1.057159423828125,4.977844173089691,0.66843086620951,126.6484375,127.5,92.12121212121212,84.84221153559011,32640,262144,277128,14984,13795,81506,3919,1170588672,7824576,1319920,1200,8192,1189,13782,2,8.184588874999463,0.05,iid,2
wan_matrix,coverage_fixed,bulk,1024,8,2000,0.05,47,1,32640,8,3,66b6c3213cb695a6,706a0f7bdfa8c022,66.79526591993846,32.15023727241385,128.6009490896554,128.6009490896554,1.0562171936035156,5.016234411173031,0.6654565417174625,127.11328125,127.5,92.12121212121212,84.84221153559011,32640,262144,276881,14737,13889,81071,4123,1169545344,7782816,1316119,846,8192,848,13890,1,8.171987166999315,0.05,iid,2
wan_matrix,coverage_fixed,bulk,1024,8,2000,0.05,71,1,32640,8,3,66b6c3213cb695a6,be1219b08988381a,65.08838602661532,32.993346111268934,131.97338444507574,131.97338444507574,1.0558128356933594,5.038749887092404,0.6640773191220305,127.01171875,127.5,92.12121212121212,84.84221153559011,32640,262144,276775,14631,13946,80872,3988,1169097600,7763712,1314289,654,8192,685,13956,21,8.262670916999923,0.05,iid,2
wan_matrix,coverage_fixed,bulk,1024,8,2000,0.05,101,1,32640,8,3,66b6c3213cb695a6,64749f84349d9262,65.41580127984187,32.82820979006727,131.31283916026908,131.31283916026908,1.058380126953125,5.056803437040455,0.6658250129098721,127.49609375,127.5,92.12121212121212,84.84221153559011,32640,262144,277448,15304,14030,81282,4156,1171940352,7803072,1316162,1260,8192,1274,14040,4,8.251469292001275,0.05,iid,2
wan_matrix,coverage_fixed,bulk,1024,8,2000,0.1,11,1,32640,8,3,1bbc09b29e225e13,5b8ab991a2decc5e,84.93742165334342,25.283127344794647,101.13250937917859,101.13250937917859,1.1150665283203125,9.941910587462539,0.7031188770997466,127.0703125,127.5,87.27272727272727,80.71249172936527,32640,262144,292308,30164,29061,90432,9080,1234708992,8681472,1379225,1030,8192,1103,29126,8,8.547233249999408,0.1,iid,2
wan_matrix,coverage_fixed,bulk,1024,8,2000,0.1,29,1,32640,8,3,1bbc09b29e225e13,4788d73952b9002c,77.6624700798985,27.651498153364003,110.605992613456,110.605992613456,1.1192207336425781,9.988854691765765,0.7048780011693744,127.1328125,127.5,87.27272727272727,80.71249172936527,32640,262144,293397,31253,29307,90996,8962,1239308928,8735616,1386159,2070,8192,1946,29180,3,8.47965341699819,0.1,iid,2
wan_matrix,coverage_fixed,bulk,1024,8,2000,0.1,47,1,32640,8,3,1bbc09b29e225e13,14a3487830113bd0,82.9940100266478,25.87516433186544,103.50065732746175,103.50065732746177,1.1156272888183594,10.077447812483973,0.7040243953615242,127.1875,127.5,87.27272727272727,80.71249172936527,32640,262144,292455,30311,29472,90594,9089,1235329920,8697024,1382273,746,8192,839,29559,6,8.564025584000774,0.1,iid,2
wan_matrix,coverage_fixed,bulk,1024,8,2000,0.1,71,1,32640,8,3,1bbc09b29e225e13,ba05b82b4db97a73,84.85193471998535,25.308599681159645,101.23439872463858,101.23439872463857,1.1165618896484375,10.047488896481038,0.7047706308041122,127.375,127.5,87.27272727272727,80.71249172936527,32640,262144,292700,30556,29409,90766,8917,1236364800,8713536,1382302,1098,8192,1147,29456,2,8.631340416999592,0.1,iid,2
wan_matrix,coverage_fixed,bulk,1024,8,2000,0.1,101,1,32640,8,3,1bbc09b29e225e13,073db6c6df1ddc6e,85.36937770664403,25.15519856990674,100.62079427962698,100.62079427962695,1.1147804260253906,10.067651497264169,0.6992241247099528,127.19140625,127.5,87.27272727272727,80.71249172936527,32640,262144,292233,30089,29421,89908,8915,1234392192,8631168,1376962,580,8192,668,29489,20,8.460707416998048,0.1,iid,2
wan_matrix,coverage_fixed,bulk,1024,8,5000,0.0,11,1,32640,8,3,8048a808a094a6de,cb7fac01a02358ce,45.09792501333366,47.61823625732392,190.4729450292957,190.4729450292957,1.0,0.0,0.6040833213112571,0.046875,127.5,96.96969696969697,79.10887687588227,32640,262144,262144,0,0,69677,0,1107296256,6688992,1206482,0,8192,0,0,0,8.332346750001307,0.0,iid,2
wan_matrix,coverage_fixed,bulk,1024,8,5000,0.001,11,1,32640,8,3,85e98a0c2f8c2194,c56507ab67e00bf8,92.23135850675017,23.283660598394324,93.13464239357728,93.1346423935773,1.0013236999511719,0.11086094380378755,0.6062545521041242,127.48828125,127.5,96.87272727272727,79.04432715048145,32640,262144,262491,347,291,70020,65,1108761984,6721920,1264507,52,8192,56,294,1,7.869565166001848,0.001,iid,2
wan_matrix,coverage_fixed,bulk,1024,8,5000,0.001,29,1,32640,8,3,85e98a0c2f8c2194,6120771d50f48220,86.67592128004199,24.776011795267525,99.10404718107011,99.1040471810701,1.0012283325195312,0.10363247049141604,0.6060005694244034,127.3828125,127.5,96.87272727272727,79.04432715048145,32640,262144,262466,322,272,69984,61,1108656384,6718464,1264594,42,8192,50,279,1,7.885407791000034,0.001,iid,2
wan_matrix,coverage_fixed,bulk,1024,8,5000,0.001,47,1,32640,8,3,85e98a0c2f8c2194,914e3e137715e0dd,92.30314816003187,23.265551509432488,93.06220603772995,93.06220603772995,1.0011215209960938,0.10059518819683126,0.6058920236745095,127.4453125,127.5,96.87272727272727,79.04432715048145,32640,262144,262438,294,264,69964,75,1108538112,6716544,1265562,26,8192,30,268,0,7.685333333000017,0.001,iid,2
wan_matrix,coverage_fixed,bulk,1024,8,5000,0.001,71,1,32640,8,3,85e98a0c2f8c2194,f5b8ec287f5a6ed5,86.65159104003044,24.78296846284019,99.13187385136077,99.13187385136077,1.0013236999511719,0.10781322026278996,0.6062112605765532,127.3984375,127.5,96.87272727272727,79.04432715048145,32640,262144,262491,347,283,70015,58,1108761984,6721440,1266118,62,8192,64,284,1,7.2832041250003385,0.001,iid,2
wan_matrix,coverage_fixed,bulk,1024,8,5000,0.001,101,1,32640,8,3,85e98a0c2f8c2194,cfbf7e9b7ba0404e,86.8012896000669,24.740227453928807,98.96090981571523,98.96090981571523,1.0012245178222656,0.10096584306478959,0.6061587432436879,127.3984375,127.5,96.87272727272727,79.04432715048145,32640,262144,262465,321,265,70002,62,1108652160,6720192,1265135,48,8192,56,273,0,7.098161124999024,0.001,iid,2
wan_matrix,coverage_fixed,bulk,1024,8,5000,0.01,11,1,32640,8,3,d0acf8bce6ed2b39,7c7033bcb52fb8f0,114.35053952001451,18.779829610022354,75.11931844008942,75.11931844008942,1.0107154846191406,0.9926288813487675,0.6214824378800632,127.2578125,127.5,96.0,78.46230760177123,32640,262144,264953,2809,2630,72452,757,1119161472,6955392,1278541,170,8192,179,2637,2,7.125611999999819,0.01,iid,2
wan_matrix,coverage_fixed,bulk,1024,8,5000,0.01,29,1,32640,8,3,d0acf8bce6ed2b39,84fd590442ff0afa,114.36252650669252,18.777861189297255,75.11144475718902,75.11144475718902,1.0101585388183594,0.980336622521308,0.6203832156318306,127.29296875,127.5,96.0,78.46230760177123,32640,262144,264807,2663,2596,72284,683,1118544768,6939264,1278125,58,8192,67,2604,1,7.126905000000988,0.01,iid,2
wan_matrix,coverage_fixed,bulk,1024,8,5000,0.01,47,1,32640,8,3,d0acf8bce6ed2b39,b6c5b05db4d4aa59,108.90394005341486,19.719062936994835,78.87625174797934,78.87625174797934,1.0114402770996094,0.9922947239791359,0.622339986004122,126.984375,127.5,96.0,78.46230760177123,32640,262144,265143,2999,2631,72604,754,1119964032,6969984,1279458,354,8192,368,2642,3,7.076429583998106,0.01,iid,2
wan_matrix,coverage_fixed,bulk,1024,8,5000,0.01,71,1,32640,8,3,d0acf8bce6ed2b39,a8974f47ac9fa170,119.83974442668325,17.91962806891506,71.67851227566024,71.67851227566024,1.0112419128417969,1.0234221456028307,0.6220762612907198,127.32421875,127.5,96.0,78.46230760177123,32640,262144,265091,2947,2713,72559,672,1119744384,6965664,1279947,222,8192,234,2724,1,7.382959209000546,0.01,iid,2
wan_matrix,coverage_fixed,bulk,1024,8,5000,0.01,101,1,32640,8,3,d0acf8bce6ed2b39,f1ec8bc6e0ef2bc2,114.34416682666266,18.780876258037956,75.12350503215183,75.12350503215183,1.0115890502929688,0.989886191370455,0.6227112631393465,127.453125,127.5,96.0,78.46230760177123,32640,262144,265182,3038,2625,72658,704,1120128768,6975168,1280545,402,8192,413,2635,1,7.489173791000212,0.01,iid,2
wan_matrix,coverage_fixed,bulk,1024,8,5000,0.03,11,1,32640,8,3,c4594a5762b9ed57,0980c28827111dbd,136.65457386671733,15.714685482057082,62.858741928228326,62.858741928228326,1.0351982116699219,2.9701036588286884,0.6536003545632431,127.3125,127.5,94.06060606060606,77.16198386610431,32640,262144,271371,9227,8060,78042,2390,1146271104,7492032,1308824,1152,8192,1167,8075,0,7.719069833001413,0.03,iid,2
wan_matrix,coverage_fixed,bulk,1024,8,5000,0.03,29,1,32640,8,3,c4594a5762b9ed57,5f946ad0f3288f67,136.49669909339357,15.732861397114462,62.93144558845785,62.93144558845784,1.0311241149902344,2.9833187201029956,0.6478083685883821,127.296875,127.5,94.06060606060606,77.16198386610431,32640,262144,270303,8159,8064,77046,2226,1141759872,7396416,1304730,36,8192,95,8117,6,7.776505958001508,0.03,iid,2
wan_matrix,coverage_fixed,bulk,1024,8,5000,0.03,47,1,32640,8,3,c4594a5762b9ed57,7d7359acdb0580bb,141.87221418664453,15.136745840695834,60.54698336278334,60.54698336278334,1.032745361328125,3.0299784285334357,0.6500234384863977,127.3828125,127.5,94.06060606060606,77.16198386610431,32640,262144,270728,8584,8203,77431,2349,1143555072,7433376,1305578,320,8192,381,8261,3,7.851454707997618,0.03,iid,2
wan_matrix,coverage_fixed,bulk,1024,8,5000,0.03,71,1,32640,8,3,c4594a5762b9ed57,d9e0efde19cea25f,130.98804544006938,16.394501046147244,65.57800418458898,65.57800418458898,1.0342140197753906,3.0282575900085944,0.6514978826339772,127.23046875,127.5,94.06060606060606,77.16198386610431,32640,262144,271113,8969,8210,77717,2278,1145181312,7460832,1307048,760,8192,759,8208,1,7.605539083000622,0.03,iid,2
wan_matrix,coverage_fixed,bulk,1024,8,5000,0.03,101,1,32640,8,3,c4594a5762b9ed57,e10659a37f2269bd,147.34662591998952,14.574365952336784,58.297463809347136,58.297463809347136,1.0325355529785156,3.0117521880645652,0.6491815182560103,127.44921875,127.5,94.06060606060606,77.16198386610431,32640,262144,270673,8529,8152,77315,2363,1143322752,7422240,1304527,318,8192,377,8204,7,7.531558374997985,0.03,iid,2
wan_matrix,coverage_fixed,bulk,1024,8,5000,0.05,11,1,32640,8,3,8d951d3f4ab9339b,e6c7546601bc432c,174.85339349326256,12.281624080019624,49.126496320078495,49.126496320078495,1.0535011291503906,4.927417631957243,0.665419296945645,127.49609375,127.5,92.12121212121212,75.85199083124157,32640,262144,276169,14025,13608,80858,4101,1166537856,7762368,1322386,362,8192,417,13661,2,7.368778125000972,0.05,iid,2
wan_matrix,coverage_fixed,bulk,1024,8,5000,0.05,29,1,32640,8,3,8d951d3f4ab9339b,1ded6bc00c9064c2,163.8447673600419,13.106818622293845,52.42727448917538,52.427274489175375,1.0563240051269531,4.97708633522204,0.6728416522789403,127.44921875,127.5,92.12121212121212,75.85199083124157,32640,262144,276909,14765,13782,81979,3942,1169663616,7869984,1332200,962,8192,983,13798,5,7.411760499999218,0.05,iid,2
wan_matrix,coverage_fixed,bulk,1024,8,5000,0.05,47,1,32640,8,3,8d951d3f4ab9339b,ac4c67ed7622487a,170.42528981345038,12.600733437805282,50.40293375122113,50.40293375122113,1.0533638000488281,5.013888235017184,0.6672015428665303,127.4609375,127.5,92.12121212121212,75.85199083124157,32640,262144,276133,13989,13845,81064,4123,1166385792,7782144,1328713,70,8192,144,13917,2,7.312689875001524,0.05,iid,2
wan_matrix,coverage_fixed,bulk,1024,8,5000,0.05,71,1,32640,8,3,8d951d3f4ab9339b,69a3487ff4dd8e28,174.89617706662236,12.278619716095736,49.114478864382946,49.114478864382946,1.0565452575683594,5.038506392458307,0.6720935247618932,127.49609375,127.5,92.12121212121212,75.85199083124157,32640,262144,276967,14823,13955,81905,4032,1169908608,7862880,1331878,862,8192,868,13956,5,7.364193124998565,0.05,iid,2
wan_matrix,coverage_fixed,bulk,1024,8,5000,0.05,101,1,32640,8,3,8d951d3f4ab9339b,25a10e0b6cb1b03d,158.56459349333116,13.543273442632184,54.17309377052874,54.17309377052874,1.0587425231933594,5.056874069963933,0.6737203375201811,127.1328125,127.5,92.12121212121212,75.85199083124157,32640,262144,277543,15399,14035,82274,4214,1172341632,7898304,1333852,1382,8192,1364,14010,7,7.217294041001878,0.05,iid,2
wan_matrix,coverage_fixed,bulk,1024,8,5000,0.1,11,1,32640,8,3,97cb07ba9b8e36cd,407f23082bc73557,202.25868725306674,10.617510066764456,42.47004026705783,42.470040267057826,1.1165504455566406,9.939288752532482,0.7091727187935895,127.0546875,127.5,87.27272727272727,72.53399063819032,32640,262144,292697,30553,29092,91332,9165,1236352128,8767872,1396496,1468,8192,1461,29078,7,7.579506791000313,0.1,iid,2
wan_matrix,coverage_fixed,bulk,1024,8,5000,0.1,29,1,32640,8,3,97cb07ba9b8e36cd,7108dfe3049ffede,218.92276074658653,9.809321062261835,39.23728424904734,39.23728424904734,1.1143302917480469,9.99058589938894,0.7082360153924435,127.48046875,127.5,87.27272727272727,72.53399063819032,32640,262144,292115,29971,29184,91030,8966,1233893760,8738880,1393496,664,8192,787,29300,7,7.517017666999891,0.1,iid,2
wan_matrix,coverage_fixed,bulk,1024,8,5000,0.1,47,1,32640,8,3,97cb07ba9b8e36cd,c7c3d842e4f4e94e,191.35316757333476,11.222618758986533,44.89047503594613,44.89047503594613,1.1264190673828125,10.083174164533128,0.723148192618262,127.47265625,127.5,87.27272727272727,72.53399063819032,32640,262144,295284,33140,29774,93955,9435,1247279616,9019680,1412425,3780,8192,3366,29352,8,7.755937458001426,0.1,iid,2
wan_matrix,coverage_fixed,bulk,1024,8,5000,0.1,71,1,32640,8,3,97cb07ba9b8e36cd,cc2e8419c5e13aa2,197.65212927984618,10.864965916757116,43.459863667028465,43.459863667028465,1.1161689758300781,10.046582842612876,0.7078149996566795,127.32421875,127.5,87.27272727272727,72.53399063819032,32640,262144,292597,30453,29396,91126,8951,1235929728,8748096,1396035,994,8192,1057,29448,11,7.4786764590026,0.1,iid,2
wan_matrix,coverage_fixed,bulk,1024,8,5000,0.1,101,1,32640,8,3,97cb07ba9b8e36cd,f2472f4529291de6,197.00832063979271,10.900471822844628,43.60188729137851,43.60188729137851,1.1179084777832031,10.066097258857614,0.7118786766154307,127.44140625,127.5,87.27272727272727,72.53399063819032,32640,262144,293053,30909,29499,91792,9092,1237855872,8812032,1397803,1432,8192,1410,29467,10,7.650362500000483,0.1,iid,2
wan_matrix,coverage_fixed,bulk,1024,8,10000,0.0,11,1,32640,8,3,67443d1fec428e64,08bed6f907cb85bf,90.0979250133373,23.834995619289852,95.33998247715941,95.33998247715941,1.0,0.0,0.6040833213112571,0.046875,127.5,96.96969696969697,66.8042260405788,32640,262144,262144,0,0,69677,0,1107296256,6688992,1202894,0,8192,0,0,0,7.600802166998619,0.0,iid,2
wan_matrix,coverage_fixed,bulk,1024,8,10000,0.001,11,1,32640,8,3,33061cbba6d1e474,7c3d381b55ad6d68,181.73135850642828,11.816802920801576,47.267211683206305,47.267211683206305,1.0013236999511719,0.11086094380378755,0.6062545521041242,127.48828125,127.5,96.87272727272727,66.75818904671384,32640,262144,262491,347,291,70020,65,1108761984,6721920,1264473,52,8192,56,294,1,7.159743042000628,0.001,iid,2
wan_matrix,coverage_fixed,bulk,1024,8,10000,0.001,29,1,32640,8,3,33061cbba6d1e474,65c0f2d98d334995,170.67592128007135,12.582229712860773,50.32891885144309,50.32891885144309,1.0012283325195312,0.10363247049141604,0.6060092285546249,127.3828125,127.5,96.87272727272727,66.75818904671384,32640,262144,262466,322,272,69985,61,1108656384,6718560,1264576,42,8192,50,279,1,7.1774898750009015,0.001,iid,2
wan_matrix,coverage_fixed,bulk,1024,8,10000,0.001,47,1,32640,8,3,33061cbba6d1e474,1e0952f375e267af,181.80314815996192,11.812136751947266,47.248547007789064,47.248547007789064,1.0011215209960938,0.10059518819683126,0.6058920236745095,127.4453125,127.5,96.87272727272727,66.75818904671384,32640,262144,262438,294,264,69964,75,1108538112,6716544,1265558,26,8192,30,268,0,7.192206083000201,0.001,iid,2
wan_matrix,coverage_fixed,bulk,1024,8,10000,0.001,71,1,32640,8,3,33061cbba6d1e474,14a93120839ac6a6,170.6516755200811,12.58401736434928,50.33606945739712,50.33606945739713,1.0013236999511719,0.10781322026278996,0.6062285771875815,127.3984375,127.5,96.87272727272727,66.75818904671384,32640,262144,262491,347,283,70017,58,1108761984,6721632,1266127,62,8192,64,284,1,7.219418791999487,0.001,iid,2
wan_matrix,coverage_fixed,bulk,1024,8,10000,0.001,101,1,32640,8,3,33061cbba6d1e474,9a756bc8a4b84eaf,170.80128960007556,12.572994343475086,50.291977373900345,50.29197737390034,1.0012245178222656,0.10096584306478959,0.6061587432436879,127.3984375,127.5,96.87272727272727,66.75818904671384,32640,262144,262465,321,265,70002,62,1108652160,6720192,1265074,48,8192,56,273,0,7.112797249999858,0.001,iid,2
wan_matrix,coverage_fixed,bulk,1024,8,10000,0.01,11,1,32640,8,3,725cf05c3b64ea87,a1f9fee02d317b46,225.85053951990517,9.508428240042939,38.033712960171755,38.033712960171755,1.0107154846191406,0.9926288813487675,0.6214824378800632,127.2578125,127.5,96.0,66.34256316704518,32640,262144,264953,2809,2630,72452,757,1119161472,6955392,1278667,170,8192,179,2637,2,7.090839166001388,0.01,iid,2
wan_matrix,coverage_fixed,bulk,1024,8,10000,0.01,29,1,32640,8,3,725cf05c3b64ea87,d7944a09a6022893,225.85480021323343,9.508248865963989,38.032995463855954,38.032995463855954,1.0117073059082031,0.9799670453559969,0.6229469760669212,127.44921875,127.5,96.0,66.34256316704518,32640,262144,265213,3069,2599,72694,686,1120259712,6978624,1280563,462,8192,470,2606,1,7.18085937500291,0.01,iid,2
wan_matrix,coverage_fixed,bulk,1024,8,10000,0.01,47,1,32640,8,3,725cf05c3b64ea87,1cd835ecee308f47,214.90394005310617,9.992760707269131,39.971042829076524,39.971042829076524,1.0114402770996094,0.9922947239791359,0.6223485577079676,126.984375,127.5,96.0,66.34256316704518,32640,262144,265143,2999,2631,72605,754,1119964032,6970080,1279407,354,8192,368,2642,3,7.173351917001128,0.01,iid,2
wan_matrix,coverage_fixed,bulk,1024,8,10000,0.01,71,1,32640,8,3,725cf05c3b64ea87,901646f8f2736866,236.83974442657464,9.067243562516872,36.26897425006749,36.26897425006749,1.0112419128417969,1.0234221456028307,0.6220762612907198,127.32421875,127.5,96.0,66.34256316704518,32640,262144,265091,2947,2713,72559,672,1119744384,6965664,1280020,222,8192,234,2724,1,7.116193082998507,0.01,iid,2
wan_matrix,coverage_fixed,bulk,1024,8,10000,0.01,101,1,32640,8,3,725cf05c3b64ea87,229ecfd75d1ab0bf,225.84416682662467,9.50869654140137,38.03478616560548,38.03478616560548,1.0115890502929688,0.989886191370455,0.6227112631393465,127.453125,127.5,96.0,66.34256316704518,32640,262144,265182,3038,2625,72658,704,1120128768,6975168,1280829,402,8192,413,2635,1,7.108646332999342,0.01,iid,2
wan_matrix,coverage_fixed,bulk,1024,8,10000,0.03,11,1,32640,8,3,43bc22d2d172a85e,a8f43de867ac7593,280.84327423984377,7.646555374390135,30.58622149756054,30.58622149756054,1.0337409973144531,2.971338320005609,0.6515443934490465,127.3359375,127.5,94.06060606060606,65.41053936133855,32640,262144,270989,8845,8052,77687,2381,1144657536,7457952,1306695,766,8192,793,8078,1,7.211256667000271,0.03,iid,2
wan_matrix,coverage_fixed,bulk,1024,8,10000,0.03,29,1,32640,8,3,43bc22d2d172a85e,cca7e9ea510689de,277.65035999994944,7.7344889738316605,30.937955895326642,30.93795589532664,1.0318756103515625,2.9829944547134937,0.6481515711645102,127.296875,127.5,94.06060606060606,65.41053936133855,32640,262144,270500,8356,8069,77143,2229,1142592000,7405728,1305278,244,8192,287,8106,6,7.277697292000084,0.03,iid,2
wan_matrix,coverage_fixed,bulk,1024,8,10000,0.03,47,1,32640,8,3,43bc22d2d172a85e,59c9d508d2aca0c9,292.0788706133459,7.352410133230211,29.409640532920843,29.409640532920847,1.0344581604003906,3.0323368132253106,0.651318980860203,127.1953125,127.5,94.06060606060606,65.41053936133855,32640,262144,271177,9033,8223,77714,2358,1145451648,7460544,1307436,780,8192,810,8245,8,7.209798332998616,0.03,iid,2
wan_matrix,coverage_fixed,bulk,1024,8,10000,0.03,71,1,32640,8,3,43bc22d2d172a85e,14b5e238c038f462,258.9880454397823,8.291825378864116,33.167301515456465,33.167301515456465,1.0342140197753906,3.0282575900085944,0.6514978826339772,127.23046875,127.5,94.06060606060606,65.41053936133855,32640,262144,271113,8969,8210,77717,2278,1145181312,7460832,1307236,760,8192,759,8208,1,7.152011332997063,0.03,iid,2
wan_matrix,coverage_fixed,bulk,1024,8,10000,0.03,101,1,32640,8,3,43bc22d2d172a85e,cd4690f4de8ba28b,280.9117783466231,7.644690659250938,30.578762637003752,30.578762637003756,1.0326499938964844,3.01215723505096,0.6493194655128582,127.2734375,127.5,94.06060606060606,65.41053936133855,32640,262144,270703,8559,8154,77340,2363,1143449472,7424640,1305946,336,8192,405,8210,13,7.1913792500017735,0.03,iid,2
wan_matrix,coverage_fixed,bulk,1024,8,10000,0.05,11,1,32640,8,3,b390c68bdec09efb,4b72957778dad838,313.8549986133222,6.842279579704122,27.369118318816486,27.369118318816486,1.0556602478027344,4.925650893454026,0.670792701255057,127.3671875,127.5,92.12121212121212,64.46673490706914,32640,262144,276735,14591,13631,81678,4135,1168928640,7841088,1331488,940,8192,960,13647,4,7.325410292000015,0.05,iid,2
wan_matrix,coverage_fixed,bulk,1024,8,10000,0.05,29,1,32640,8,3,b390c68bdec09efb,e75d5c69ea501e48,314.12716565325763,6.836351270461124,27.345405081844497,27.3454050818445,1.0616035461425781,4.980362423776379,0.6802428310515111,127.4140625,127.5,92.12121212121212,64.46673490706914,32640,262144,278293,16149,13860,83295,4006,1175509632,7996320,1338119,2394,8192,2289,13751,4,7.431136916999094,0.05,iid,2
wan_matrix,coverage_fixed,bulk,1024,8,10000,0.05,47,1,32640,8,3,b390c68bdec09efb,e44ceabc9bc94592,314.1761529600165,6.835285325660278,27.341141302641113,27.341141302641116,1.0544052124023438,5.015448289834519,0.6682446046099512,127.3203125,127.5,92.12121212121212,64.46673490706914,32640,262144,276406,14262,13863,81271,4136,1167538944,7802016,1329614,344,8192,399,13915,3,7.263150666996808,0.05,iid,2
wan_matrix,coverage_fixed,bulk,1024,8,10000,0.05,71,1,32640,8,3,b390c68bdec09efb,4fa54c61fb187d0c,313.8967978668202,6.841368445278414,27.365473781113657,27.365473781113657,1.0575332641601562,5.038849169991271,0.6731626247833241,127.25,127.5,92.12121212121212,64.46673490706914,32640,262144,277226,15082,13969,82112,4039,1171002624,7882752,1333059,1120,8192,1113,13954,8,7.398582041998452,0.05,iid,2
wan_matrix,coverage_fixed,bulk,1024,8,10000,0.05,101,1,32640,8,3,b390c68bdec09efb,88697ca030022bbb,346.8578801069554,6.191249417017173,24.76499766806869,24.76499766806869,1.0588417053222656,5.056400390533525,0.674205824006414,127.4921875,127.5,92.12121212121212,64.46673490706914,32640,262144,277569,15425,14035,82341,4217,1172451456,7904736,1334031,1396,8192,1390,14025,4,7.378156916998705,0.05,iid,2
wan_matrix,coverage_fixed,bulk,1024,8,10000,0.1,11,1,32640,8,3,472a6e2bbadf0eb9,519c647829394918,392.96900650695784,5.46476595467072,21.85906381868288,21.85906381868288,1.1231956481933594,9.934825209975582,0.7197971859582584,126.859375,127.5,87.27272727272727,62.054194112183104,32640,262144,294439,32295,29252,93252,9348,1243710336,8952192,1406560,3330,8192,3043,28957,8,7.72767116599789,0.1,iid,2
wan_matrix,coverage_fixed,bulk,1024,8,10000,0.1,29,1,32640,8,3,472a6e2bbadf0eb9,a898efea1184bac8,433.1684324271528,4.957618070105209,19.830472280420835,19.830472280420835,1.1136360168457031,9.993388894027055,0.7063498069139774,127.4765625,127.5,87.27272727272727,62.054194112183104,32640,262144,291933,29789,29174,90731,8938,1233124992,8710176,1390254,498,8192,615,29282,9,7.619936125000095,0.1,iid,2
wan_matrix,coverage_fixed,bulk,1024,8,10000,0.1,47,1,32640,8,3,472a6e2bbadf0eb9,c24334408f8192e6,391.05915925348245,5.491454674273497,21.965818697093987,21.965818697093987,1.1195526123046875,10.080958416813182,0.714798142937326,127.47265625,127.5,87.27272727272727,62.054194112183104,32640,262144,293484,31340,29586,92304,9268,1239676416,8861184,1400177,1852,8192,1754,29483,5,7.667492625001614,0.1,iid,2
wan_matrix,coverage_fixed,bulk,1024,8,10000,0.1,71,1,32640,8,3,472a6e2bbadf0eb9,80fe66d519ee2aad,380.4126308267391,5.6451428632454705,22.580571452981882,22.580571452981882,1.1143226623535156,10.0450852923355,0.7090966976353796,127.17578125,127.5,87.27272727272727,62.054194112183104,32640,262144,292113,29969,29343,91140,8953,1233885312,8749440,1396311,524,8192,626,29441,4,7.659794292001607,0.1,iid,2
wan_matrix,coverage_fixed,bulk,1024,8,10000,0.1,101,1,32640,8,3,472a6e2bbadf0eb9,73254e8d3c25b7a4,390.8453017605283,5.49445941482947,21.977837659317878,21.97783765931788,1.1241989135742188,10.062707412912026,0.7198488951242581,127.4453125,127.5,87.27272727272727,62.054194112183104,32640,262144,294702,32558,29655,93342,9241,1244821248,8960832,1402316,3200,8192,2903,29348,10,7.783494625000458,0.1,iid,2
wan_matrix,optimized,bulk,1024,8,1000,0.0,11,3,94697,8,3,0aa1b5831117786e,cf39c1068d09a439,23.146589120094138,92.77754216217176,371.110168648687,371.110168648687,1.0,0.0,0.6393085826526989,0.03515625,369.91015625,96.96969696969697,92.78020372339302,94697,262144,262144,0,0,73740,0,1107296256,7079040,1199350,0,8196,0,0,0,4.139631792000728,0.0,iid,2
wan_matrix,optimized,bulk,1024,8,1000,0.001,11,3,94697,8,3,d17d4e05504196e2,81ab776a46d1d058,24.058057280093152,89.26255445309526,357.050217812381,357.05021781238105,1.0011482238769531,0.10402179504277087,0.6410607244115217,62.41796875,369.91015625,96.87272727272727,92.69142817395299,94697,262144,262445,301,273,74027,75,1108567680,7106592,1204817,28,8196,28,273,0,4.26738470899727,0.001,iid,2
wan_matrix,optimized,bulk,1024,8,1000,0.001,29,3,94697,8,3,d17d4e05504196e2,61b0c8c525f9a4d5,23.922973760092436,89.7665846033893,359.0663384135572,359.0663384135572,1.0009765625,0.09070121951219513,0.6407895648558758,50.671875,369.91015625,96.87272727272727,92.69142817395299,94697,262144,262400,256,238,73983,79,1108377600,7102368,1204598,18,8196,18,238,0,4.31366275000255,0.001,iid,2
wan_matrix,optimized,bulk,1024,8,1000,0.001,47,3,94697,8,3,d17d4e05504196e2,ba290afb8c72e9b0,24.13264394676021,88.98667103105782,355.9466841242313,355.9466841242313,1.0010604858398438,0.09679066541677146,0.6409523591772031,50.28125,369.91015625,96.87272727272727,92.69142817395299,94697,262144,262422,278,254,74008,91,1108470528,7104768,1204734,24,8196,24,254,0,4.401269500001945,0.001,iid,2
wan_matrix,optimized,bulk,1024,8,1000,0.001,71,3,94697,8,3,d17d4e05504196e2,536705f24f8fc985,24.257261120094206,88.52951853748525,354.1180741499409,354.118074149941,1.0010871887207031,0.10021758266045293,0.6410218660008127,50.671875,369.91015625,96.87272727272727,92.69142817395299,94697,262144,262429,285,263,74018,71,1108500096,7105728,1204776,22,8196,22,263,0,4.302728458002093,0.001,iid,2
wan_matrix,optimized,bulk,1024,8,1000,0.001,101,3,94697,8,3,d17d4e05504196e2,6c04634bb8fe4387,24.119220800093476,89.03619506612242,356.14478026448967,356.14478026448967,1.0010414123535156,0.09793572824931313,0.6410165361376601,50.21484375,369.91015625,96.87272727272727,92.69142817395299,94697,262144,262417,273,257,74014,67,1108449408,7105344,1204727,16,8196,16,257,0,4.280371749999176,0.001,iid,2
wan_matrix,optimized,bulk,1024,8,1000,0.01,11,3,94697,8,3,909fb2e76a04fad5,37603a9d6f997b32,24.45932810676194,87.79814550205548,351.19258200822185,351.1925820082219,1.0111312866210938,1.0065569564856525,0.6559528782631302,94.28515625,369.91015625,96.0,91.89210288730395,94697,262144,265062,2918,2668,76502,753,1119621888,7344192,1216649,248,8196,250,2670,0,4.386999791000562,0.01,iid,2
wan_matrix,optimized,bulk,1024,8,1000,0.01,29,3,94697,8,3,909fb2e76a04fad5,d003fdafca191cbf,24.45435296009525,87.81600770645112,351.2640308258044,351.26403082580447,1.0107841491699219,0.9812394563933412,0.6557149821884453,89.92578125,369.91015625,96.0,91.89210288730395,94697,262144,264971,2827,2600,76448,762,1119237504,7339008,1216215,226,8196,227,2601,0,4.438299457997346,0.01,iid,2
wan_matrix,optimized,bulk,1024,8,1000,0.01,47,3,94697,8,3,909fb2e76a04fad5,0d9f14262b8cc0cf,24.446825066761875,87.84304882680813,351.3721953072325,351.3721953072325,1.0112724304199219,1.0098114289378683,0.6565986154743562,85.64453125,369.91015625,96.0,91.89210288730395,94697,262144,265099,2955,2677,76588,781,1119778176,7352448,1216898,278,8196,278,2677,0,4.358678458000213,0.01,iid,2
wan_matrix,optimized,bulk,1024,8,1000,0.01,71,3,94697,8,3,909fb2e76a04fad5,5e8612fd29457cca,24.43188128009513,87.89677812283632,351.58711249134535,351.5871124913453,1.0109977722167969,0.9923517226546729,0.6561081083676894,92.1171875,369.91015625,96.0,91.89210288730395,94697,262144,265027,2883,2630,76510,730,1119474048,7344960,1216520,250,8196,253,2633,0,4.347578208002233,0.01,iid,2
wan_matrix,optimized,bulk,1024,8,1000,0.01,101,3,94697,8,3,909fb2e76a04fad5,a5cfe49544444ea9,24.459083840095275,87.79902231986605,351.1960892794642,351.1960892794642,1.0111122131347656,1.008462330743953,0.6563253804413253,89.3671875,369.91015625,96.0,91.89210288730395,94697,262144,265057,2913,2673,76544,770,1119600768,7348224,1216592,240,8196,240,2673,0,4.409728541999357,0.01,iid,2
wan_matrix,optimized,bulk,1024,8,1000,0.03,11,3,94697,8,3,be2e41a58f0b1698,8e379c0fe0acf2e9,24.898210880097597,86.25052050292467,345.00208201169863,345.0020820116987,1.0338859558105469,3.003759773011545,0.6881736371787178,138.6796875,369.91015625,94.06060606060606,90.113596048887,94697,262144,271027,8883,8141,82066,2460,1144818048,7878336,1242778,742,8196,742,8141,0,4.570632250000926,0.03,iid,2
wan_matrix,optimized,bulk,1024,8,1000,0.03,29,3,94697,8,3,be2e41a58f0b1698,f0361c3c643b879c,24.88384928009752,86.30029959703982,345.2011983881593,345.2011983881593,1.0331802368164062,2.9334445913115395,0.6878465203798794,126.35546875,369.91015625,94.06060606060606,90.113596048887,94697,262144,270842,8698,7945,81971,2429,1144036608,7869216,1242105,750,8196,753,7948,0,4.471835750002356,0.03,iid,2
wan_matrix,optimized,bulk,1024,8,1000,0.03,47,3,94697,8,3,be2e41a58f0b1698,c942e9336a6f2ba0,24.892203626764232,86.27133540282524,345.085341611301,345.085341611301,1.0339927673339844,2.991274833520872,0.6884966318476122,129.125,369.91015625,94.06060606060606,90.113596048887,94697,262144,271055,8911,8108,82113,2470,1144936320,7882848,1243106,796,8196,803,8115,0,4.490920958000061,0.03,iid,2
wan_matrix,optimized,bulk,1024,8,1000,0.03,71,3,94697,8,3,be2e41a58f0b1698,009d5d29b0163658,24.90403082676429,86.23036419036653,344.9214567614661,344.9214567614661,1.0341606140136719,3.023249809110325,0.6885693217070316,111.3125,369.91015625,94.06060606060606,90.113596048887,94697,262144,271099,8955,8196,82135,2421,1145122176,7884960,1243165,762,8196,759,8193,0,4.516396625000198,0.03,iid,2
wan_matrix,optimized,bulk,1024,8,1000,0.03,101,3,94697,8,3,be2e41a58f0b1698,b9d1bebd535b98d8,24.902012480097618,86.23735329489249,344.94941317956994,344.94941317956994,1.0339584350585938,3.0079765058329584,0.6889555144279434,127.94921875,369.91015625,94.06060606060606,90.113596048887,94697,262144,271046,8902,8153,82165,2503,1144898304,7887840,1243134,744,8196,749,8158,0,4.562999834000948,0.03,iid,2
wan_matrix,optimized,bulk,1024,8,1000,0.05,11,3,94697,8,3,c3223a6edc37df6b,43cc7dd9da506ab8,25.34984096009999,84.71389037036111,338.85556148144445,338.85556148144445,1.0574455261230469,4.9703646785929445,0.7188693025426394,137.6171875,369.91015625,92.12121212121212,88.33200900159481,94697,262144,277203,15059,13778,87680,4374,1170905472,8417280,1269529,1308,8196,1281,13751,0,4.61969025000144,0.05,iid,2
wan_matrix,optimized,bulk,1024,8,1000,0.05,29,3,94697,8,3,c3223a6edc37df6b,adbe283bc6e13bc4,25.33133984009989,84.77576241745024,339.10304966980095,339.10304966980095,1.0561676025390625,4.8799427886212925,0.7168250180263125,156.82421875,369.91015625,92.12121212121212,88.33200900159481,94697,262144,276868,14724,13511,87325,4289,1169490432,8383200,1267844,1244,8196,1213,13480,0,4.568084667000221,0.05,iid,2
wan_matrix,optimized,bulk,1024,8,1000,0.05,47,3,94697,8,3,c3223a6edc37df6b,688965a74f58d84a,25.35346442676667,84.7017832297828,338.8071329191313,338.8071329191312,1.05706787109375,4.973223049829667,0.717305350403393,138.94140625,369.91015625,92.12121212121212,88.33200900159481,94697,262144,277104,14960,13781,87458,4435,1170487296,8395968,1268701,1206,8196,1179,13754,0,4.619785500002763,0.05,iid,2
wan_matrix,optimized,bulk,1024,8,1000,0.05,71,3,94697,8,3,c3223a6edc37df6b,a72f30502880b7ab,25.351108160099994,84.70965586348275,338.838623453931,338.838623453931,1.0576400756835938,4.989648481176106,0.71846655872495,136.609375,369.91015625,92.12121212121212,88.33200900159481,94697,262144,277254,15110,13834,87647,4309,1171120896,8414112,1269573,1324,8196,1276,13786,0,4.679806833999464,0.05,iid,2
wan_matrix,optimized,bulk,1024,8,1000,0.05,101,3,94697,8,3,c3223a6edc37df6b,03386ed3c1da5742,25.34984096009999,84.71389037036111,338.85556148144445,338.85556148144445,1.0573501586914062,4.981636349205204,0.7189751383915424,131.78125,369.91015625,92.12121212121212,88.33200900159481,94697,262144,277178,15034,13808,87685,4497,1170799872,8417760,1269284,1284,8196,1226,13750,0,4.626905542001623,0.05,iid,2
wan_matrix,optimized,bulk,1024,8,1000,0.1,11,3,94697,8,3,6d435f82f85ea30a,6987da35b149da5c,27.312635200104552,78.62601438003242,314.50405752012966,314.50405752012966,1.1208724975585938,9.979920362114147,0.7848307462880516,170.93359375,369.91015625,87.27272727272727,83.8645128427806,94697,262144,293830,31686,29324,101467,10111,1241137920,9740832,1337800,2604,8196,2362,29082,0,4.827790625000489,0.1,iid,2
wan_matrix,optimized,bulk,1024,8,1000,0.1,29,3,94697,8,3,6d435f82f85ea30a,128a2ad2cb1d39d8,27.422205760105133,78.31184941089752,313.2473976435901,313.2473976435901,1.1207809448242188,9.95554889961403,0.7848871209388012,183.55078125,369.91015625,87.27272727272727,83.8645128427806,94697,262144,293806,31662,29250,101466,9985,1241036544,9740736,1337922,2682,8196,2412,28977,3,4.891019375001633,0.1,iid,2
wan_matrix,optimized,bulk,1024,8,1000,0.1,47,3,94697,8,3,6d435f82f85ea30a,b1abe9b6b1e04186,26.60487584010663,80.71767223821004,322.87068895284017,322.87068895284017,1.1219444274902344,10.037706852174859,0.7850854702043539,174.97265625,369.91015625,87.27272727272727,83.8645128427806,94697,262144,294111,31967,29522,101597,10248,1242324864,9753312,1337752,2716,8196,2445,29251,0,4.958283374999155,0.1,iid,2
wan_matrix,optimized,bulk,1024,8,1000,0.1,71,3,94697,8,3,6d435f82f85ea30a,63e7de22b56efec2,27.30502282677118,78.64793454391483,314.5917381756593,314.5917381756593,1.1213607788085938,10.031365024935536,0.7859347872206853,172.08984375,369.91015625,87.27272727272727,83.8645128427806,94697,262144,293958,31814,29488,101654,10037,1241678592,9758784,1338431,2590,8196,2326,29224,0,4.960384082998644,0.1,iid,2
wan_matrix,optimized,bulk,1024,8,1000,0.1,101,3,94697,8,3,6d435f82f85ea30a,7b73d0b093dc5685,26.594400320106573,80.74946688594459,322.99786754377834,322.99786754377834,1.1208610534667969,9.958921406133541,0.7850785418878209,172.86328125,369.91015625,87.27272727272727,83.8645128427806,94697,262144,293827,31683,29262,101498,10165,1241125248,9743808,1336702,2632,8196,2421,29051,0,4.859000791999279,0.1,iid,2
wan_matrix,optimized,bulk,1024,8,2000,0.0,11,6,189394,8,3,ed189a5b5a970d84,2dbcad560cb35ec6,24.146260373427474,88.93649015577034,355.7459606230813,355.7459606230814,1.0,0.0,1.1720310557972302,0.0390625,739.8203125,96.96969696969697,88.93772499200064,189394,262144,262144,0,0,135186,0,1107296256,12977856,1326959,0,8196,0,0,0,4.379608125000232,0.0,iid,2
wan_matrix,optimized,bulk,1024,8,2000,0.001,11,6,189394,8,3,3c899beec03c608f,d2ff970cabec6b37,26.294661440093876,81.66994858985083,326.67979435940333,326.67979435940333,1.0013008117675781,0.10552983980036953,1.1733917262804627,109.55859375,739.8203125,96.87272727272727,88.85614719600323,189394,262144,262485,341,277,135519,123,1108736640,13009824,1337867,64,8196,64,277,0,4.4826171250024345,0.001,iid,2
wan_matrix,optimized,bulk,1024,8,2000,0.001,29,6,189394,8,3,3c899beec03c608f,9c22e2777b712629,26.30141984009391,81.64896271973781,326.59585087895124,326.59585087895124,1.0011825561523438,0.096016825805665,1.173383110598775,95.30859375,739.8203125,96.87272727272727,88.85614719600323,189394,262144,262454,310,252,135502,126,1108605696,13008192,1337403,58,8196,58,252,0,4.437388416998147,0.001,iid,2
wan_matrix,optimized,bulk,1024,8,2000,0.001,47,6,189394,8,3,3c899beec03c608f,7ec0f343b35a1713,26.14487840009308,82.13783270043261,328.55133080173044,328.55133080173044,1.0012321472167969,0.09715507092320178,1.1734635384465648,96.30859375,739.8203125,96.87272727272727,88.85614719600323,189394,262144,262467,323,255,135518,144,1108660608,13009728,1337742,68,8196,68,255,0,4.403299292000156,0.001,iid,2
wan_matrix,optimized,bulk,1024,8,2000,0.001,71,6,189394,8,3,3c899beec03c608f,f0aa6e9b324956d3,26.17841696009326,82.03260156157089,328.13040624628354,328.13040624628354,1.0011177062988281,0.09259365104768003,1.1733118978857955,95.3984375,739.8203125,96.87272727272727,88.85614719600323,189394,262144,262437,293,243,135485,136,1108533888,13006560,1337365,50,8196,50,243,0,4.484456708003563,0.001,iid,2
wan_matrix,optimized,bulk,1024,8,2000,0.001,101,6,189394,8,3,3c899beec03c608f,e8fe9002cf621fdf,26.348137280094157,81.5041923142859,326.0167692571436,326.0167692571436,1.0011100769042969,0.09107016975632062,1.1732861990068537,97.70703125,739.8203125,96.87272727272727,88.85614719600323,189394,262144,262435,291,239,135481,123,1108525440,13006176,1337505,52,8196,52,239,0,4.5980876670000725,0.001,iid,2
wan_matrix,optimized,bulk,1024,8,2000,0.01,11,6,189394,8,3,bcbf3ceb913b6d9e,465eedc3704f22ad,26.545135466761863,80.89932901977248,323.5973160790899,323.5973160790899,1.0120048522949219,1.003426426075517,1.185327878374382,140.421875,739.8203125,96.0,88.12133839201769,189394,262144,265291,3147,2662,138361,1374,1120589184,13282656,1349868,486,8196,485,2661,0,4.483497500001249,0.01,iid,2
wan_matrix,optimized,bulk,1024,8,2000,0.01,29,6,189394,8,3,bcbf3ceb913b6d9e,9ea89c6dd7692043,26.52968480009512,80.94644411275857,323.7857764510343,323.7857764510343,1.0118980407714844,0.9790283605327543,1.1846390529056412,153.02734375,739.8203125,96.0,88.12133839201769,189394,262144,265263,3119,2597,138266,1356,1120470912,13273536,1349589,528,8196,522,2591,0,4.4763944590013125,0.01,iid,2
wan_matrix,optimized,bulk,1024,8,2000,0.01,47,6,189394,8,3,bcbf3ceb913b6d9e,436a20f4ea46c74a,26.544553280095197,80.90110333897842,323.60441335591366,323.60441335591366,1.0119094848632812,0.9967353524386842,1.1848227131188387,143.37890625,739.8203125,96.0,88.12133839201769,189394,262144,265266,3122,2644,138289,1399,1120483584,13275744,1349633,484,8196,478,2638,0,4.549419499999203,0.01,iid,2
wan_matrix,optimized,bulk,1024,8,2000,0.01,71,6,189394,8,3,bcbf3ceb913b6d9e,3c38328b6c80c2bb,26.532641600095133,80.93742343364333,323.7496937345733,323.7496937345733,1.0121269226074219,0.9976519186048702,1.1849279420315477,165.84765625,739.8203125,96.0,88.12133839201769,189394,262144,265323,3179,2647,138331,1372,1120724352,13279776,1349892,536,8196,532,2643,0,4.563317250002001,0.01,iid,2
wan_matrix,optimized,bulk,1024,8,2000,0.01,101,6,189394,8,3,bcbf3ceb913b6d9e,1de5c62a6c45ad44,26.539306346761833,80.91709782995225,323.668391319809,323.668391319809,1.0120353698730469,1.0094270992352026,1.1853863685193617,161.9296875,739.8203125,96.0,88.12133839201769,189394,262144,265299,3155,2678,138372,1404,1120622976,13283712,1349818,482,8196,477,2673,0,4.607531749999907,0.01,iid,2
wan_matrix,optimized,bulk,1024,8,2000,0.03,11,6,189394,8,3,9fb68114394efe8a,396cc1edd2d03e94,26.970914666764116,79.62220319677606,318.4888127871042,318.4888127871042,1.0373153686523438,3.020306995285482,1.2090939847939914,219.28515625,739.8203125,94.06060606060606,86.48449782110757,189394,262144,271926,9782,8213,144665,4354,1148615424,13887840,1377611,1592,8196,1569,8190,0,4.727928207998048,0.03,iid,2
wan_matrix,optimized,bulk,1024,8,2000,0.03,29,6,189394,8,3,9fb68114394efe8a,f06a9e882641ed68,26.952253760097356,79.67733114695352,318.7093245878141,318.7093245878141,1.0361785888671875,2.940050362996451,1.2076342377342275,220.3203125,739.8203125,94.06060606060606,86.48449782110757,189394,262144,271628,9484,7986,144332,4235,1147356672,13855872,1376292,1536,8196,1498,7948,0,4.768735249999736,0.03,iid,2
wan_matrix,optimized,bulk,1024,8,2000,0.03,47,6,189394,8,3,9fb68114394efe8a,e8d6edfdaa782d89,27.251493440097352,78.80242059836,315.20968239344,315.20968239344,1.0370330810546875,2.9865515059664816,1.2087710157799767,229.11328125,739.8203125,94.06060606060606,86.48449782110757,189394,262144,271852,9708,8119,144587,4390,1148302848,13880352,1377849,1622,8196,1589,8085,1,4.760978416001308,0.03,iid,2
wan_matrix,optimized,bulk,1024,8,2000,0.03,71,6,189394,8,3,9fb68114394efe8a,f1e70f5f54f16b96,26.96315168009741,79.64512730109159,318.58050920436636,318.58050920436636,1.0371017456054688,3.0062162062750577,1.209033729355942,202.35546875,739.8203125,94.06060606060606,86.48449782110757,189394,262144,271870,9726,8173,144628,4398,1148378880,13884288,1377224,1592,8196,1553,8134,0,4.6591868750001595,0.03,iid,2
wan_matrix,optimized,bulk,1024,8,2000,0.03,101,6,189394,8,3,9fb68114394efe8a,f12dd3b8047c7453,26.9678733867641,79.63118252601966,318.5247301040786,318.5247301040786,1.0373878479003906,3.0362757175164097,1.2098201675138187,214.8046875,739.8203125,94.06060606060606,86.48449782110757,189394,262144,271945,9801,8257,144762,4365,1148695680,13897152,1377753,1576,8196,1544,8225,0,4.5764289170001575,0.03,iid,2
wan_matrix,optimized,bulk,1024,8,2000,0.05,11,6,189394,8,3,cae0be2a3a528faf,7095e0a64cfa6ff4,27.685805120099648,77.56623434587951,310.26493738351803,310.26493738351803,1.0626487731933594,5.003823137701163,1.2283726748290031,243.8359375,739.8203125,92.12121212121212,84.84221153559011,189394,262144,278567,16423,13939,150561,7601,1176667008,14453856,1404761,2640,8196,2484,13782,1,4.7564786250004545,0.05,iid,2
wan_matrix,optimized,bulk,1024,8,2000,0.05,29,6,189394,8,3,cae0be2a3a528faf,9dbd2c2402300c5f,27.37127456009957,78.4575684732815,313.830273893126,313.830273893126,1.060882568359375,4.878750395535484,1.2275492752220885,246.5078125,739.8203125,92.12121212121212,84.84221153559011,189394,262144,278104,15960,13568,150210,7341,1174711296,14420160,1402209,2534,8196,2392,13426,0,4.806445833000907,0.05,iid,2
wan_matrix,optimized,bulk,1024,8,2000,0.05,47,6,189394,8,3,cae0be2a3a528faf,9bd69ca2870ffd01,27.399988586766387,78.37534826701311,313.50139306805244,313.50139306805244,1.0627708435058594,5.011503989605131,1.229389976926759,231.36328125,739.8203125,92.12121212121212,84.84221153559011,189394,262144,278599,16455,13962,150703,7693,1176802176,14467488,1404237,2666,8196,2493,13789,0,4.793744582999352,0.05,iid,2
wan_matrix,optimized,bulk,1024,8,2000,0.05,71,6,189394,8,3,cae0be2a3a528faf,27b94ea825efbdb7,27.40540448009975,78.35985962401615,313.4394384960646,313.4394384960646,1.0630378723144531,5.037158779770983,1.2298559483571092,226.03515625,739.8203125,92.12121212121212,84.84221153559011,189394,262144,278669,16525,14037,150798,7531,1177097856,14476608,1404690,2652,8196,2488,13873,0,4.765796458003024,0.05,iid,2
wan_matrix,optimized,bulk,1024,8,2000,0.05,101,6,189394,8,3,cae0be2a3a528faf,d2e8c94d48649b44,27.4022695467664,78.36882431708703,313.47529726834813,313.47529726834813,1.0623054504394531,4.991435558412364,1.2291369256217342,238.2109375,739.8203125,92.12121212121212,84.84221153559011,189394,262144,278477,16333,13900,150606,7722,1176286848,14458176,1403576,2550,8196,2430,13783,0,4.79043858300065,0.05,iid,2
wan_matrix,optimized,bulk,1024,8,2000,0.1,11,6,189394,8,3,421c3e457e134f29,0649aa22090e9b09,29.142266773430627,73.68965718061054,294.75862872244215,294.75862872244215,1.1302490234375,9.965304028512799,1.2663431280621311,291.61328125,739.8203125,87.27272727272727,80.71249172936527,189394,262144,296288,34144,29526,165089,16458,1251520512,15848544,1472808,5278,8196,4618,28865,1,5.152073416997155,0.1,iid,2
wan_matrix,optimized,bulk,1024,8,2000,0.1,29,6,189394,8,3,421c3e457e134f29,849aee35144de054,29.138220906763944,73.69988905195986,294.79955620783943,294.79955620783943,1.1294021606445312,9.916707761107322,1.2656422431607695,317.49609375,739.8203125,87.27272727272727,80.71249172936527,189394,262144,296066,33922,29360,164874,16325,1250582784,15827904,1471901,5214,8196,4562,28706,2,4.98218687500048,0.1,iid,2
wan_matrix,optimized,bulk,1024,8,2000,0.1,47,6,189394,8,3,421c3e457e134f29,fc929303ef7787dd,30.4795851734377,70.45645916045751,281.82583664183005,281.82583664183005,1.1314163208007812,9.999190813030607,1.2661783754590756,310.73828125,739.8203125,87.27272727272727,80.71249172936527,189394,262144,296594,34450,29657,165238,16797,1252813056,15862848,1473843,5476,8196,4793,28974,0,4.968049457998859,0.1,iid,2
wan_matrix,optimized,bulk,1024,8,2000,0.1,71,6,189394,8,3,421c3e457e134f29,91f95e5c6931b66a,30.34518666677033,70.76851006329825,283.074040253193,283.074040253193,1.1315689086914062,10.067625423923083,1.2664520158603776,294.04296875,739.8203125,87.27272727272727,80.71249172936527,189394,262144,296634,34490,29864,165296,16334,1252982016,15868416,1474236,5310,8196,4626,29180,0,5.109042292002414,0.1,iid,2
wan_matrix,optimized,bulk,1024,8,2000,0.1,101,6,189394,8,3,421c3e457e134f29,846e40727fe908a0,30.37364725343714,70.70219885288839,282.80879541155355,282.80879541155355,1.1305046081542969,9.993757486797929,1.2666089962744314,326.23828125,739.8203125,87.27272727272727,80.71249172936527,189394,262144,296355,34211,29617,165161,16753,1251803520,15855456,1472647,5256,8196,4594,28955,0,5.071742791998986,0.1,iid,2
wan_matrix,optimized,bulk,1024,8,5000,0.0,11,15,473485,8,3,2fccba3c470d21d0,c1591aefb60cb7cb,27.146589120094138,79.10694188871095,316.4277675548438,316.4277675548438,1.0,0.0,2.343992753462358,0.03515625,1849.55078125,96.96969696969697,79.10887687588227,473485,262144,262144,0,0,270364,0,1107296256,25954944,1629611,0,8220,0,0,0,5.072508582998125,0.0,iid,2
wan_matrix,optimized,bulk,1024,8,5000,0.001,11,15,473485,8,3,41ec1cedfb98540c,e774f91465a2c65d,32.40796064009289,66.26407850370201,265.05631401480804,265.05631401480804,1.0013084411621094,0.09409989828067676,2.3415878258213305,238.125,1849.55078125,96.87272727272727,79.04432715048145,473485,262144,262487,343,247,270440,251,1108745088,25962240,1651044,96,8220,96,247,0,5.176084209000692,0.001,iid,2
wan_matrix,optimized,bulk,1024,8,5000,0.001,29,15,473485,8,3,41ec1cedfb98540c,83b25615a976f3a2,32.59533728009388,65.88315468395163,263.5326187358065,263.5326187358065,1.0015525817871094,0.09979013601167011,2.341441195321013,226.9765625,1849.55078125,96.87272727272727,79.04432715048145,473485,262144,262551,407,262,270489,266,1109015424,25966944,1651303,146,8220,145,261,0,5.317090624997945,0.001,iid,2
wan_matrix,optimized,bulk,1024,8,5000,0.001,47,15,473485,8,3,41ec1cedfb98540c,0fe964aa519826ba,32.6053812267606,65.86285966309974,263.45143865239896,263.45143865239896,1.0014228820800781,0.09332728928031327,2.3416665310333147,224.1015625,1849.55078125,96.87272727272727,79.04432715048145,473485,262144,262517,373,245,270480,278,1108871808,25966080,1651209,128,8220,128,245,0,5.629640458999347,0.001,iid,2
wan_matrix,optimized,bulk,1024,8,5000,0.001,71,15,473485,8,3,41ec1cedfb98540c,5f39ffe947669f41,32.59287818676053,65.88812548847937,263.5525019539175,263.5525019539175,1.0014419555664062,0.09675379587234594,2.341569987900581,219.42578125,1849.55078125,96.87272727272727,79.04432715048145,473485,262144,262522,378,254,270474,257,1108892928,25965504,1651232,124,8220,124,254,0,5.6643438749997586,0.001,iid,2
wan_matrix,optimized,bulk,1024,8,5000,0.001,101,15,473485,8,3,41ec1cedfb98540c,c7132eab9fa0611e,32.66037770676089,65.75195385923104,263.00781543692415,263.00781543692415,1.0014724731445312,0.09979811831028836,2.3415072909416415,218.1953125,1849.55078125,96.87272727272727,79.04432715048145,473485,262144,262530,386,262,270475,251,1108926720,25965600,1651249,124,8220,124,262,0,5.6343378749988915,0.001,iid,2
wan_matrix,optimized,bulk,1024,8,5000,0.01,11,15,473485,8,3,c14455b48c73a249,0807ed7ca4018edc,32.79014816009491,65.49173359983331,261.96693439933324,261.96693439933324,1.0149612426757812,1.0114031856757346,2.3195287157048528,334.9921875,1849.55078125,96.0,78.46230760177123,473485,262144,266066,3922,2691,271545,2710,1123862784,26068320,1659558,1244,8220,1231,2678,0,5.629479084000195,0.01,iid,2
wan_matrix,optimized,bulk,1024,8,5000,0.01,29,15,473485,8,3,c14455b48c73a249,12fc2d06b2ea9226,33.56177504009502,63.985997326854125,255.94398930741647,255.94398930741653,1.0152854919433594,1.0009355591374822,2.319940730842813,303.3828125,1849.55078125,96.0,78.46230760177123,473485,262144,266151,4007,2664,271680,2749,1124221824,26081280,1660541,1356,8220,1343,2650,1,5.492512666998664,0.01,iid,2
wan_matrix,optimized,bulk,1024,8,5000,0.01,47,15,473485,8,3,c14455b48c73a249,2e6052c5e0caa922,32.80957856009501,65.45294826224617,261.81179304898467,261.81179304898467,1.0148849487304688,0.9968200987799103,2.3199337366812163,337.6484375,1849.55078125,96.0,78.46230760177123,473485,262144,266046,3902,2652,271572,2675,1123778304,26070912,1659663,1266,8220,1250,2636,0,5.278923165999004,0.01,iid,2
wan_matrix,optimized,bulk,1024,8,5000,0.01,71,15,473485,8,3,c14455b48c73a249,e06fcbe14455a2b5,32.807888960095006,65.45631907654997,261.8252763061999,261.8252763061999,1.0148544311523438,0.9908358956239335,2.319704498810491,309.20703125,1849.55078125,96.0,78.46230760177123,473485,262144,266038,3894,2636,271537,2673,1123744512,26067552,1659524,1280,8220,1258,2614,0,5.210564082997735,0.01,iid,2
wan_matrix,optimized,bulk,1024,8,5000,0.01,101,15,473485,8,3,c14455b48c73a249,95b3f05e5f928185,32.821067840095075,65.43003592883038,261.7201437153215,261.7201437153215,1.0159454345703125,1.0506000210270197,2.318365463256648,369.8828125,1849.55078125,96.0,78.46230760177123,473485,262144,266324,4180,2798,271672,2756,1124952576,26080512,1660395,1390,8220,1382,2790,0,5.303521916997852,0.01,iid,2
wan_matrix,optimized,bulk,1024,8,5000,0.03,11,15,473485,8,3,c36962ba1a041218,e65c5c4fb3a93353,33.16142858676354,64.75847813315175,259.033912532607,259.033912532607,1.0454444885253906,2.9811316623914004,2.272403849630485,490.640625,1849.55078125,94.06060606060606,77.16198386610431,473485,262144,274057,11913,8170,274018,8158,1157616768,26305728,1678559,3868,8220,3743,8045,0,5.417370874998596,0.03,iid,2
wan_matrix,optimized,bulk,1024,8,5000,0.03,29,15,473485,8,3,c36962ba1a041218,580a43c2f948aa9d,33.16033952009687,64.76060495998586,259.0424198399434,259.0424198399434,1.046295166015625,3.0064168003500074,2.2717163615151073,467.13671875,1849.55078125,94.06060606060606,77.16198386610431,473485,262144,274280,12136,8246,274158,8221,1158558720,26319168,1679529,4040,8220,3890,8096,0,5.366811415999109,0.03,iid,2
wan_matrix,optimized,bulk,1024,8,5000,0.03,47,15,473485,8,3,c36962ba1a041218,e3980614c0632936,33.91497674676356,63.31962613552228,253.2785045420891,253.2785045420891,1.0454292297363281,3.0005144990202623,2.2719062636523857,480.64453125,1849.55078125,94.06060606060606,77.16198386610431,473485,262144,274053,11909,8223,273954,8168,1157599872,26299584,1679648,3846,8220,3686,8061,2,5.378257000000303,0.03,iid,2
wan_matrix,optimized,bulk,1024,8,5000,0.03,71,15,473485,8,3,c36962ba1a041218,36e3a680cd84106c,33.15611552009685,64.76885528699374,259.07542114797496,259.07542114797496,1.0455284118652344,2.9863652450570823,2.271989263878464,466.0625,1849.55078125,94.06060606060606,77.16198386610431,473485,262144,274079,11935,8185,273990,8168,1157709696,26303040,1678560,3902,8220,3747,8033,0,5.403819415998441,0.03,iid,2
wan_matrix,optimized,bulk,1024,8,5000,0.03,101,15,473485,8,3,c36962ba1a041218,3f31fae644a0ff30,33.17318048009694,64.73553686805627,258.9421474722251,258.9421474722251,1.0464439392089844,3.0537439987751487,2.27029148877435,490.76171875,1849.55078125,94.06060606060606,77.16198386610431,473485,262144,274319,12175,8377,274025,8156,1158723456,26306400,1679194,3948,8220,3798,8227,0,5.39792104099979,0.03,iid,2
wan_matrix,optimized,bulk,1024,8,5000,0.05,11,15,473485,8,3,06aca40b2cb2f0b9,9c6fb3dc2f1b3082,33.5202904534321,64.06518615891414,256.2607446356566,256.2607446356566,1.0764350891113281,4.959937061673181,2.2254897001956513,587.8671875,1849.55078125,92.12121212121212,75.85199083124157,473485,262144,282181,20037,13996,276316,13710,1191932544,26526336,1697524,6470,8220,6041,13567,0,5.30182029199932,0.05,iid,2
wan_matrix,optimized,bulk,1024,8,5000,0.05,29,15,473485,8,3,06aca40b2cb2f0b9,5203693fc5e4b087,34.24006496009861,62.71844549660035,250.8737819864014,250.87378198640138,1.0776901245117188,4.989911861527026,2.2246839210840483,544.953125,1849.55078125,92.12121212121212,75.85199083124157,473485,262144,282510,20366,14097,276538,13825,1193322240,26547648,1700938,6656,8220,6269,13709,1,5.310146792002342,0.05,iid,2
wan_matrix,optimized,bulk,1024,8,5000,0.05,47,15,473485,8,3,06aca40b2cb2f0b9,51b0b976d7982e3f,33.5255465600988,64.05514207353377,256.2205682941351,256.2205682941351,1.0770912170410156,4.997290625564453,2.2244398774841168,549.6015625,1849.55078125,92.12121212121212,75.85199083124157,473485,262144,282353,20209,14110,276354,13721,1192659072,26529984,1697797,6534,8220,6099,13675,0,5.389718541999173,0.05,iid,2
wan_matrix,optimized,bulk,1024,8,5000,0.05,71,15,473485,8,3,06aca40b2cb2f0b9,44bbd36cb0f96fe6,33.526720106765474,64.05289993060347,256.2115997224139,256.2115997224139,1.0764999389648438,4.9759388797936195,2.224767716284311,530.64453125,1849.55078125,92.12121212121212,75.85199083124157,473485,262144,282198,20054,14042,276243,13835,1192004352,26519328,1697007,6440,8220,6012,13614,0,5.452133582999522,0.05,iid,2
wan_matrix,optimized,bulk,1024,8,5000,0.05,101,15,473485,8,3,06aca40b2cb2f0b9,67f34ec9519f02a6,34.279423466765486,62.64643424012145,250.5857369604858,250.5857369604858,1.078125,5.046634397644927,2.2226768362977603,542.5078125,1849.55078125,92.12121212121212,75.85199083124157,473485,262144,282624,20480,14263,276400,13932,1193803776,26534400,1700585,6658,8220,6217,13821,1,5.298913291000645,0.05,iid,2
wan_matrix,optimized,bulk,1024,8,5000,0.1,11,15,473485,8,3,8a8a4e6329ae750a,4c8b739cd4709158,39.57896586676839,54.25820510896895,217.0328204358758,217.03282043587578,1.1572608947753906,9.95157712225046,2.1073046655752865,664.00390625,1849.55078125,87.27272727272727,72.53399063819032,473485,262144,303369,41225,30190,281288,28032,1281430656,27003648,1749792,12912,8220,11035,28311,2,5.474391042000207,0.1,iid,2
wan_matrix,optimized,bulk,1024,8,5000,0.1,29,15,473485,8,3,8a8a4e6329ae750a,f7ed057d7625f564,39.8580969601032,53.87822830953443,215.51291323813768,215.51291323813768,1.1592216491699219,10.025239977228077,2.1054230500793816,688.3984375,1849.55078125,87.27272727272727,72.53399063819032,473485,262144,303883,41739,30465,281513,27976,1283601792,27025248,1752355,13228,8220,11274,28510,1,5.575835042000108,0.1,iid,2
wan_matrix,optimized,bulk,1024,8,5000,0.1,47,15,473485,8,3,8a8a4e6329ae750a,9a0d6c337b957ab1,39.40215840010078,54.5016754207685,218.006701683074,218.006701683074,1.1592178344726562,10.032841695131662,2.1054224995228408,731.58203125,1849.55078125,87.27272727272727,72.53399063819032,473485,262144,303882,41738,30488,281512,28090,1283597568,27025152,1752186,13180,8220,11250,28558,0,5.712537499999598,0.1,iid,2
wan_matrix,optimized,bulk,1024,8,5000,0.1,71,15,473485,8,3,8a8a4e6329ae750a,811f0607685faa36,39.96808074677044,53.72996671033607,214.9198668413443,214.9198668413443,1.1574897766113281,9.916323093705612,2.1079141173957425,677.6640625,1849.55078125,87.27272727272727,72.53399063819032,473485,262144,303429,41285,30089,281425,28048,1281684096,27016800,1750609,13016,8220,11196,28267,2,5.6701226250006584,0.1,iid,2
wan_matrix,optimized,bulk,1024,8,5000,0.1,101,15,473485,8,3,8a8a4e6329ae750a,1a0c27dad58bdce7,38.627561280096685,55.594595590131554,222.37838236052622,222.37838236052625,1.1590194702148438,10.015469176842313,2.1049674907918003,711.83984375,1849.55078125,87.27272727272727,72.53399063819032,473485,262144,303830,41686,30430,281403,28162,1283377920,27014688,1751556,13172,8220,11256,28511,3,5.489557749999221,0.1,iid,2
wan_matrix,optimized,bulk,1024,8,10000,0.0,11,17,524288,8,3,602255cd5cd3cf64,960a7a8d20a8825a,32.14658912009414,66.80284617373773,267.21138469495094,267.21138469495094,1.0,0.0,2.3083946921608667,0.02734375,2048.0,96.96969696969697,66.8042260405788,524288,262144,262144,0,0,266258,0,1107296256,25560768,1663914,0,8194,0,0,0,5.368937082999764,0.0,iid,2
wan_matrix,optimized,bulk,1024,8,10000,0.001,11,17,524288,8,3,2f6af80055b821b7,6457823310da07d1,43.08190496009381,49.846534176916855,199.38613670766742,199.38613670766742,1.0019416809082031,0.09898992206447291,2.306023882876232,476.6875,2048.0,96.87272727272727,66.75818904671384,524288,262144,262653,509,260,266501,256,1109446272,25584096,1707046,250,8194,249,259,0,5.451317499999277,0.001,iid,2
wan_matrix,optimized,bulk,1024,8,10000,0.001,29,17,524288,8,3,2f6af80055b821b7,69ff8a57b1916bbf,43.146278720094145,49.77216371153397,199.08865484613588,199.08865484613588,1.0020217895507812,0.09936270814774206,2.3060817868259793,476.82421875,2048.0,96.87272727272727,66.75818904671384,524288,262144,262674,530,261,266529,259,1109534976,25586784,1707153,270,8194,269,260,0,5.407321957998647,0.001,iid,2
wan_matrix,optimized,bulk,1024,8,10000,0.001,47,17,524288,8,3,2f6af80055b821b7,9e5d24d324130350,43.14855968009416,49.769532608308694,199.07813043323478,199.07813043323478,1.0018882751464844,0.09404543879621838,2.306129498873151,468.73046875,2048.0,96.87272727272727,66.75818904671384,524288,262144,262639,495,247,266499,263,1109387136,25583904,1706934,248,8194,248,247,0,5.395252582999092,0.001,iid,2
wan_matrix,optimized,bulk,1024,8,10000,0.001,71,17,524288,8,3,2f6af80055b821b7,8e96938ccedb10de,43.04954912009364,49.88399859913165,199.53599439652663,199.5359943965266,1.0019416809082031,0.09556334783916422,2.306145024389248,463.71875,2048.0,96.87272727272727,66.75818904671384,524288,262144,262653,509,251,266515,254,1109446272,25585440,1707114,258,8194,258,251,0,5.497318292000273,0.001,iid,2
wan_matrix,optimized,bulk,1024,8,10000,0.001,101,17,524288,8,3,2f6af80055b821b7,46764a937727ae41,43.105559360093935,49.819180631909106,199.27672252763642,199.27672252763642,1.0018386840820312,0.0963347117193271,2.306139806139806,462.296875,2048.0,96.87272727272727,66.75818904671384,524288,262144,262626,482,253,266487,243,1109332224,25582752,1706911,230,8194,229,252,0,5.550001458002953,0.001,iid,2
wan_matrix,optimized,bulk,1024,8,10000,0.01,11,17,524288,8,3,3c7993183ea5b32b,399bc10f18718162,44.761002560094745,47.976665516301935,191.90666206520774,191.90666206520774,1.0206336975097656,1.0405415001887475,2.284296773145712,651.26171875,2048.0,96.0,66.34256316704518,524288,262144,267553,5409,2784,268915,2684,1130143872,25815840,1723993,2662,8194,2625,2746,1,5.511204541999177,0.01,iid,2
wan_matrix,optimized,bulk,1024,8,10000,0.01,29,17,524288,8,3,3c7993183ea5b32b,a075f7e5ab6ffffc,43.22466698676122,49.68190150910191,198.72760603640762,198.72760603640765,1.0198936462402344,0.9919247154574935,2.2855037608608653,690.1640625,2048.0,96.0,66.34256316704518,524288,262144,267359,5215,2652,268862,2736,1129324416,25810752,1722263,2602,8194,2563,2613,0,5.416542458999174,0.01,iid,2
wan_matrix,optimized,bulk,1024,8,10000,0.01,47,17,524288,8,3,3c7993183ea5b32b,bc49b9a3b61d4785,44.73641888009462,48.00302978554948,192.01211914219792,192.01211914219792,1.0200691223144531,0.9973635496718462,2.285425070245848,652.49609375,2048.0,96.0,66.34256316704518,524288,262144,267405,5261,2667,268899,2649,1129518720,25814304,1723593,2626,8194,2594,2634,1,5.458282042000064,0.01,iid,2
wan_matrix,optimized,bulk,1024,8,10000,0.01,71,17,524288,8,3,3c7993183ea5b32b,cf98fb6fcd143dbb,43.2510339200947,49.65161415487609,198.6064566195044,198.60645661950437,1.0199546813964844,0.9798971482000935,2.2856474988312296,662.04296875,2048.0,96.0,66.34256316704518,524288,262144,267375,5231,2620,268895,2653,1129392000,25813920,1722737,2640,8194,2611,2591,0,5.59407524999915,0.01,iid,2
wan_matrix,optimized,bulk,1024,8,10000,0.01,101,17,524288,8,3,3c7993183ea5b32b,0aed127a4518e07e,43.25034890676135,49.652400553566,198.609602214264,198.609602214264,1.0204353332519531,1.0370054691384332,2.284460448915909,662.8671875,2048.0,96.0,66.34256316704518,524288,262144,267501,5357,2774,268882,2709,1129924224,25812672,1722757,2624,8194,2583,2733,0,5.469845375002478,0.01,iid,2
wan_matrix,optimized,bulk,1024,8,10000,0.03,11,17,524288,8,3,ca7d663f383734cb,11199d70142042e8,43.495265600096,49.37281376194793,197.4912550477917,197.49125504779173,1.0603713989257812,3.0089578012015687,2.2394830050332444,902.0546875,2048.0,94.06060606060606,65.41053936133855,524288,262144,277970,15826,8364,273904,8123,1174145280,26294784,1756118,7790,8194,7462,8036,0,5.6468576670013135,0.03,iid,2
wan_matrix,optimized,bulk,1024,8,10000,0.03,29,17,524288,8,3,ca7d663f383734cb,5878c3c956a362ad,43.48123274676258,49.38874802623649,197.55499210494597,197.55499210494597,1.0602302551269531,2.97697646555105,2.2396584788420233,910.85546875,2048.0,94.06060606060606,65.41053936133855,524288,262144,277933,15789,8274,273889,8221,1173988992,26293344,1755705,7842,8194,7515,7947,0,5.744982791999064,0.03,iid,2
wan_matrix,optimized,bulk,1024,8,10000,0.03,47,17,524288,8,3,ca7d663f383734cb,bef2d334db7110aa,43.48056608009592,49.3895052802234,197.5580211208936,197.5580211208936,1.0601539611816406,2.990144397707196,2.239468008791502,945.90234375,2048.0,94.06060606060606,65.41053936133855,524288,262144,277913,15769,8310,273846,8117,1173904512,26289216,1755925,7794,8194,7459,7975,0,5.847253708001517,0.03,iid,2
wan_matrix,optimized,bulk,1024,8,10000,0.03,71,17,524288,8,3,ca7d663f383734cb,79641c16958b26f8,43.47617312009589,49.39449574064221,197.57798296256885,197.57798296256885,1.0602264404296875,2.976627376480578,2.2398955009269765,941.8203125,2048.0,94.06060606060606,65.41053936133855,524288,262144,277932,15788,8273,273917,8125,1173984768,26296032,1756203,7816,8194,7515,7972,0,5.65291870800138,0.03,iid,2
wan_matrix,optimized,bulk,1024,8,10000,0.03,101,17,524288,8,3,ca7d663f383734cb,4a4ab2a93bfc709f,43.49213984009598,49.37636216326625,197.505448653065,197.505448653065,1.0618705749511719,3.061470094804266,2.2379051813639026,930.02734375,2048.0,94.06060606060606,65.41053936133855,524288,262144,278363,16219,8522,274098,8170,1175805312,26313408,1757751,8082,8194,7697,8137,0,5.590613541000494,0.03,iid,2
wan_matrix,optimized,bulk,1024,8,10000,0.05,11,17,524288,8,3,5dfe18f800160bb3,b29db8ec53ba62e2,50.172255040073104,42.80221501474834,171.20886005899337,171.20886005899337,1.1012191772460938,4.987563998642085,2.1940850737122015,954.984375,2048.0,92.12121212121212,64.46673490706914,524288,262144,288678,26534,14398,278689,13796,1219375872,26754144,1794976,13044,8194,12136,13490,0,5.844473375000234,0.05,iid,2
wan_matrix,optimized,bulk,1024,8,10000,0.05,29,17,524288,8,3,5dfe18f800160bb3,51d8f024859a717d,43.73121824009724,49.10642178339702,196.42568713358807,196.42568713358807,1.1010551452636719,4.99211807299877,2.1941678464622667,955.3046875,2048.0,92.12121212121212,64.46673490706914,524288,262144,288635,26491,14409,278658,13961,1219194240,26751168,1788423,13044,8194,12082,13447,0,5.967887875001907,0.05,iid,2
wan_matrix,optimized,bulk,1024,8,10000,0.05,47,17,524288,8,3,5dfe18f800160bb3,53afd677fdd0a5d1,43.732485440097236,49.10499886729569,196.41999546918277,196.41999546918277,1.10113525390625,5.0011085859985585,2.193732646849852,952.79296875,2048.0,92.12121212121212,64.46673490706914,524288,262144,288656,26512,14436,278623,13800,1219282944,26747808,1788661,13046,8194,12076,13466,0,5.804812166999909,0.05,iid,2
wan_matrix,optimized,bulk,1024,8,10000,0.05,71,17,524288,8,3,5dfe18f800160bb3,f5b0a2ec812e680d,52.15144330675025,41.17783731063181,164.71134924252726,164.71134924252723,1.1004486083984375,4.992443045521985,2.1935809375665727,945.1875,2048.0,92.12121212121212,64.46673490706914,524288,262144,288476,26332,14402,278430,13936,1218522624,26729280,1793710,12886,8194,11930,13444,2,5.69754599999942,0.05,iid,2
wan_matrix,optimized,bulk,1024,8,10000,0.05,101,17,524288,8,3,5dfe18f800160bb3,afe6cd98f04dca8f,54.72513568009719,39.24126676548399,156.96506706193597,156.96506706193597,1.1024436950683594,5.044654133751328,2.192426585936598,949.8125,2048.0,92.12121212121212,64.46673490706914,524288,262144,288999,26855,14579,278788,14014,1220731776,26763648,1796042,13298,8194,12276,13553,4,5.760500208001758,0.05,iid,2
wan_matrix,optimized,bulk,1024,8,10000,0.1,11,17,524288,8,3,12faa2e88bff2682,3f223611e805d518,55.01202058676538,39.036625542829725,156.1465021713189,156.1465021713189,1.204620361328125,9.948889114077977,2.080464091680619,931.2109375,2048.0,87.27272727272727,62.054194112183104,524288,262144,315784,53640,31417,289070,28720,1333871616,27750720,1877294,26016,8194,22223,27624,0,6.02413499999966,0.1,iid,2
wan_matrix,optimized,bulk,1024,8,10000,0.1,29,17,524288,8,3,12faa2e88bff2682,236b1a174d25c9f5,54.38669962676208,39.48545623723207,157.94182494892829,157.94182494892829,1.2054214477539062,9.998924030203105,2.0794410941059294,930.07421875,2048.0,87.27272727272727,62.054194112183104,524288,262144,315994,53850,31596,289120,28741,1334758656,27755520,1878225,26200,8194,22254,27648,2,6.168743957998231,0.1,iid,2
wan_matrix,optimized,bulk,1024,8,10000,0.1,47,17,524288,8,3,12faa2e88bff2682,b305c83d769ce98c,53.45455648009048,40.17400553683099,160.69602214732396,160.69602214732396,1.2069320678710938,10.043617054900597,2.0786558016717,934.734375,2048.0,87.27272727272727,62.054194112183104,524288,262144,316390,54246,31777,289373,28860,1336431360,27779808,1879952,26398,8194,22469,27846,2,5.9806161249980505,0.1,iid,2
wan_matrix,optimized,bulk,1024,8,10000,0.1,71,17,524288,8,3,12faa2e88bff2682,07c64664b8e9041d,55.346992960100486,38.80036715902733,155.20146863610933,155.20146863610933,1.2029457092285156,9.947834910970524,2.079879324088048,927.15234375,2048.0,87.27272727272727,62.054194112183104,524288,262144,315345,53201,31370,288587,28707,1332017280,27704352,1874840,25682,8194,21831,27518,1,5.976257166999858,0.1,iid,2
wan_matrix,optimized,bulk,1024,8,10000,0.1,101,17,524288,8,3,12faa2e88bff2682,39d9106678a0fb41,52.91439136008762,40.58411318361697,162.33645273446788,162.33645273446788,1.205078125,9.973599574554296,2.079925604556505,926.796875,2048.0,87.27272727272727,62.054194112183104,524288,262144,315904,53760,31507,289105,28915,1334378496,27754080,1877647,26160,8194,22253,27597,3,6.045279916001164,0.1,iid,2
wan_matrix,uet,bulk,1024,8,1000,0.0,11,1,32640,8,3,377b4379a39e35ff,22a46ac13d3c79a7,23.14692704009414,92.77618771080145,371.10475084320586,371.1047508432058,1.0,0.0,0.5681904879483309,0.046875,127.5,96.96969696969697,92.78020372339302,32640,262144,262144,0,0,65537,0,1107296256,6291552,1141205,0,0,0,0,0,7.804338417001418,0.0,iid,2
wan_matrix,uet,bulk,1024,8,1000,0.001,11,1,32640,8,3,c5370753af5b194f,73e95708a2c16714,24.551549120093636,87.46835637521718,349.87342550086873,349.87342550086873,1.001129150390625,0.1108824874256973,0.5685974976098432,69.33203125,127.5,96.87272727272727,92.69142817395299,32640,262144,262440,296,291,65658,58,1108546560,6303168,1164459,0,0,5,296,0,8.073327957998117,0.001,iid,2
wan_matrix,uet,bulk,1024,8,1000,0.001,29,1,32640,8,3,c5370753af5b194f,48fe51786af49882,24.492018240093334,87.68095903524105,350.7238361409642,350.7238361409642,1.0010414123535156,0.10365182133779442,0.5685434043734001,69.33984375,127.5,96.87272727272727,92.69142817395299,32640,262144,262417,273,272,65646,61,1108449408,6302016,1163669,0,0,1,273,0,7.898225124998135,0.001,iid,2
wan_matrix,uet,bulk,1024,8,1000,0.001,47,1,32640,8,3,c5370753af5b194f,ed3ad86cd085d37c,24.620991680094004,87.22165524048465,348.8866209619386,348.8866209619386,1.0010223388671875,0.1006051552520464,0.5685628983153487,69.30859375,127.5,96.87272727272727,92.69142817395299,32640,262144,262412,268,264,65647,67,1108428288,6302112,1165195,0,0,4,268,0,7.899509584000043,0.001,iid,2
wan_matrix,uet,bulk,1024,8,1000,0.001,71,1,32640,8,3,c5370753af5b194f,81e49c2f26eb7ed0,25.705309866753343,83.54241435453405,334.1696574181362,334.1696574181362,1.0042037963867188,0.10750400765823602,0.5732367167108816,127.41015625,127.5,96.87272727272727,92.69142817395299,32640,262144,263246,1102,283,66397,57,1111951104,6374112,1169786,0,0,819,1102,0,8.229764499999874,0.001,iid,2
wan_matrix,uet,bulk,1024,8,1000,0.001,101,1,32640,8,3,c5370753af5b194f,365545ea3b734839,24.61854176009399,87.23033512411423,348.9213404964569,348.92134049645693,1.0010223388671875,0.10098623538557687,0.5685715592274743,69.3359375,127.5,96.87272727272727,92.69142817395299,32640,262144,262412,268,265,65648,58,1108428288,6302208,1165176,0,0,3,268,0,8.082872916998895,0.001,iid,2
wan_matrix,uet,bulk,1024,8,1000,0.01,11,1,32640,8,3,b5da5bf2758b2b99,77a1188d0c802e09,33.71750240009242,63.69047216243733,254.7618886497493,254.7618886497493,1.2180290222167969,0.9940525964691402,0.8578593618008085,126.99609375,127.5,96.0,91.89210288730395,32640,262144,319299,57155,3174,120522,1240,1348718976,11570112,1485831,0,0,53981,57155,1,11.206839916001627,0.01,iid,2
wan_matrix,uet,bulk,1024,8,1000,0.01,29,1,32640,8,3,b5da5bf2758b2b99,8271c45252fd1624,31.40239466675505,68.38598364198921,273.54393456795685,273.54393456795685,1.2268218994140625,0.9775997810972501,0.8678515984084322,126.9921875,127.5,96.0,91.89210288730395,32640,262144,321604,59460,3144,122806,1123,1358455296,11789376,1476716,0,0,56316,59461,0,11.30947041699983,0.01,iid,2
wan_matrix,uet,bulk,1024,8,1000,0.01,47,1,32640,8,3,b5da5bf2758b2b99,9bcebbf2dbae7023,32.66075018675062,65.75120399013869,263.00481596055477,263.00481596055477,1.2429962158203125,0.9863615717950922,0.8841654288555261,126.92578125,127.5,96.0,91.89210288730395,32640,262144,325844,63700,3214,126764,1253,1376365056,12169344,1507960,0,0,60486,63700,0,11.735622500000318,0.01,iid,2
wan_matrix,uet,bulk,1024,8,1000,0.01,71,1,32640,8,3,b5da5bf2758b2b99,51f5be20572e4010,33.38605344009311,64.32277633094243,257.2911053237697,257.2911053237697,1.2115249633789062,1.0299312959312834,0.8506572427805196,126.91796875,127.5,96.0,91.89210288730395,32640,262144,317594,55450,3271,118872,1150,1341517056,11411712,1471990,0,0,52179,55450,0,11.111668833000294,0.01,iid,2
wan_matrix,uet,bulk,1024,8,1000,0.01,101,1,32640,8,3,b5da5bf2758b2b99,29f566d2aa6dad28,38.23860960007693,56.16008715954148,224.64034863816593,224.64034863816593,1.2644424438476562,0.9964822938099231,0.9089647477898459,127.4453125,127.5,96.0,91.89210288730395,32640,262144,331466,69322,3303,132568,1299,1400112384,12726528,1561752,0,0,66019,69324,0,11.5743790000015,0.01,iid,2
wan_matrix,uet,bulk,1024,8,1000,0.03,11,1,32640,8,3,a38648307d20344d,a5fc52894c10d004,42.6765562667338,50.31998445652361,201.27993782609445,201.27993782609445,1.3530158996582031,2.962910751793845,0.9591801688309858,127.3046875,127.5,94.06060606060606,90.113596048887,32640,262144,354685,92541,10509,149691,4528,1498189440,14370336,1677686,0,0,82032,92452,89,12.773858624997956,0.03,iid,2
wan_matrix,uet,bulk,1024,8,1000,0.03,29,1,32640,8,3,a38648307d20344d,e02a01889d90e8eb,38.357846933403714,55.98551064997018,223.94204259988072,223.94204259988075,1.3554267883300781,2.9717125834114326,0.9643309546635309,126.1171875,127.5,94.06060606060606,90.113596048887,32640,262144,355317,93173,10559,150763,4378,1500859008,14473248,1663118,0,0,82611,93108,65,12.48239279200061,0.03,iid,2
wan_matrix,uet,bulk,1024,8,1000,0.03,47,1,32640,8,3,a38648307d20344d,8c0ba13f010a79dc,40.23851317341152,53.36886178535536,213.47544714142143,213.47544714142143,1.38946533203125,3.0381067428069404,0.991466665335543,127.43359375,127.5,94.06060606060606,90.113596048887,32640,262144,364240,102096,11066,158898,4726,1538549760,15254208,1724272,0,0,91030,102015,81,13.344856749998144,0.03,iid,2
wan_matrix,uet,bulk,1024,8,1000,0.03,71,1,32640,8,3,a38648307d20344d,40529c9ef3e7361a,41.73004917328641,51.46132560454103,205.84530241816412,205.84530241816412,1.3243598937988281,3.0376786213213585,0.9367349733680065,127.43359375,127.5,94.06060606060606,90.113596048887,32640,262144,347173,85029,10546,143092,4239,1466458752,13736832,1640436,0,0,74483,84977,52,12.069540417000098,0.03,iid,2
wan_matrix,uet,bulk,1024,8,1000,0.03,101,1,32640,8,3,a38648307d20344d,0ca5029e4ed6130e,41.58122719996156,51.64550910613781,206.58203642455123,206.58203642455126,1.3046913146972656,3.013885274708567,0.9164084613550576,127.2109375,127.5,94.06060606060606,90.113596048887,32640,262144,342017,79873,10308,137908,4199,1444679808,13239168,1612604,0,0,69565,79825,48,12.093412916998204,0.03,iid,2
wan_matrix,uet,bulk,1024,8,1000,0.05,11,1,32640,8,3,a60756b558e142d0,ccb5713a4dc595d6,44.92089599987958,47.80589523427486,191.22358093709943,191.22358093709943,1.4080657958984375,4.92202993097021,0.9868848817174005,127.38671875,127.5,92.12121212121212,88.33200900159481,32640,262144,369116,106972,18168,160281,8058,1559145984,15386976,1738967,0,0,88804,106960,12,13.204467084000498,0.05,iid,2
wan_matrix,uet,bulk,1024,8,1000,0.05,29,1,32640,8,3,a60756b558e142d0,782efa75d89b3267,44.73459925333354,48.00498235915176,192.01992943660704,192.01992943660704,1.4011764526367188,4.997413628814897,0.9805688036610145,127.3671875,127.5,92.12121212121212,88.33200900159481,32640,262144,367310,105166,18356,158476,7709,1551517440,15213696,1730562,0,0,86810,105150,16,13.053105750001123,0.05,iid,2
wan_matrix,uet,bulk,1024,8,1000,0.05,47,1,32640,8,3,a60756b558e142d0,f29ec27812328909,47.48632170656865,45.22320472134915,180.8928188853966,180.8928188853966,1.402313232421875,5.027638136275598,0.9803117846876417,127.41796875,127.5,92.12121212121212,88.33200900159481,32640,262144,367608,105464,18482,158563,7931,1552776192,15222048,1735015,0,0,86982,105461,3,13.120278874997894,0.05,iid,2
wan_matrix,uet,bulk,1024,8,1000,0.05,71,1,32640,8,3,a60756b558e142d0,b35cc5bbd0b7ee65,44.88760170662593,47.841354101192856,191.36541640477142,191.36541640477142,1.3893013000488281,5.037383613813403,0.9723134357604165,127.07421875,127.5,92.12121212121212,88.33200900159481,32640,262144,364197,102053,18346,155810,7746,1538368128,14957760,1712684,0,0,83707,102051,2,12.92258566700184,0.05,iid,2
wan_matrix,uet,bulk,1024,8,1000,0.05,101,1,32640,8,3,a60756b558e142d0,c7dc39083c03fdf1,46.24168959998072,46.440423491811494,185.761693967246,185.76169396724598,1.3895950317382812,5.027808737379006,0.9666175361503604,126.671875,127.5,92.12121212121212,88.33200900159481,32640,262144,364274,102130,18315,154930,7814,1538693376,14873280,1721526,0,0,83815,102102,28,13.192498333002732,0.05,iid,2
wan_matrix,uet,bulk,1024,8,1000,0.1,11,1,32640,8,3,5d266e2eff279b78,bc7afbb8e2163a2c,61.59281557320282,34.865813942986975,139.4632557719479,139.4632557719479,1.4432334899902344,9.959691807525077,0.9566257417368206,127.49609375,127.5,87.27272727272727,83.8645128427806,32640,262144,378335,116191,37681,159247,15976,1598087040,15287712,1787692,0,0,78510,115747,444,12.964637958997628,0.1,iid,2
wan_matrix,uet,bulk,1024,8,1000,0.1,29,1,32640,8,3,5d266e2eff279b78,4bf918314cc61735,56.18610410650826,38.22090323132492,152.88361292529967,152.88361292529967,1.4808616638183594,10.029649741498561,0.9807528425556808,126.99609375,127.5,87.27272727272727,83.8645128427806,32640,262144,388199,126055,38935,167520,16576,1639752576,16081920,1831407,0,0,87120,126052,3,13.512571582999954,0.1,iid,2
wan_matrix,uet,bulk,1024,8,1000,0.1,47,1,32640,8,3,5d266e2eff279b78,8a908023b1805a23,59.95278698653847,35.819579971856626,143.2783198874265,143.2783198874265,1.4908294677734375,10.110999662241692,0.9934153412987226,127.16796875,127.5,87.27272727272727,83.8645128427806,32640,262144,390812,128668,39515,170825,17198,1650789888,16399200,1838295,0,0,89153,128626,42,13.716429000000062,0.1,iid,2
wan_matrix,uet,bulk,1024,8,1000,0.1,71,1,32640,8,3,5d266e2eff279b78,8b37575ff8ca21d8,56.30616693313789,38.139403993706075,152.5576159748243,152.5576159748243,1.5178718566894531,10.018069821387732,1.009107793144526,126.98046875,127.5,87.27272727272727,83.8645128427806,32640,262144,397901,135757,39862,176671,17448,1680733824,16960416,1878122,0,0,95895,135740,17,14.248593459000404,0.1,iid,2
wan_matrix,uet,bulk,1024,8,1000,0.1,101,1,32640,8,3,5d266e2eff279b78,7c469f784ff68ab1,59.7411475198378,35.94647470216237,143.78589880864948,143.78589880864948,1.4571685791015625,10.05816936657696,0.9680753893268423,127.25,127.5,87.27272727272727,83.8645128427806,32640,262144,381988,119844,38421,162709,16264,1613517312,15620064,1804041,0,0,81423,119834,10,13.424268000002485,0.1,iid,2
wan_matrix,uet,bulk,1024,8,2000,0.0,11,1,32640,8,3,7d705a90d1c20885,24ac5a9bde43e900,24.14692704009414,88.93403472973047,355.7361389189219,355.7361389189219,1.0,0.0,0.5681904879483309,0.046875,127.5,96.96969696969697,88.93772499200064,32640,262144,262144,0,0,65537,0,1107296256,6291552,1102735,0,0,0,0,0,8.537652666000213,0.0,iid,2
wan_matrix,uet,bulk,1024,8,2000,0.001,11,1,32640,8,3,1441b0857a58f79d,277b8d0b1bb94ca2,42.73642677332732,50.24948995830154,200.99795983320615,200.99795983320618,1.0011138916015625,0.11088417747565121,0.5694028951127824,127.39453125,127.5,96.87272727272727,88.85614719600323,32640,262144,262436,292,291,65750,58,1108529664,6312000,1200587,0,0,1,292,0,9.256090082999435,0.001,iid,2
wan_matrix,uet,bulk,1024,8,2000,0.001,29,1,32640,8,3,1441b0857a58f79d,314c897006b37325,42.67894421333379,50.31716898303874,201.26867593215493,201.26867593215496,1.0010490417480469,0.10365103136586909,0.5693358539379597,127.3828125,127.5,96.87272727272727,88.85614719600323,32640,262144,262419,275,272,65738,61,1108457856,6310848,1204029,0,0,3,275,0,9.63693725000121,0.001,iid,2
wan_matrix,uet,bulk,1024,8,2000,0.001,47,1,32640,8,3,1441b0857a58f79d,55f8f44674f6cb38,46.56185386663628,46.12109419334722,184.48437677338887,184.48437677338887,1.0010223388671875,0.1006051552520464,0.5692644321975298,127.41796875,127.5,96.87272727272727,88.85614719600323,32640,262144,262412,268,264,65728,67,1108428288,6309888,1215428,0,0,4,268,0,9.308432833000552,0.001,iid,2
wan_matrix,uet,bulk,1024,8,2000,0.001,71,1,32640,8,3,1441b0857a58f79d,5f7e4b23f9c2dde3,42.65390815999237,50.34670304875492,201.38681219501967,201.38681219501967,1.0010948181152344,0.10783786976386173,0.5693011600278653,127.3984375,127.5,96.87272727272727,88.85614719600323,32640,262144,262431,287,283,65737,56,1108508544,6310752,1199152,0,0,4,287,0,9.402848249999806,0.001,iid,2
wan_matrix,uet,bulk,1024,8,2000,0.001,101,1,32640,8,3,1441b0857a58f79d,910d1c55c8583251,42.80330794661633,50.17097395085237,200.68389580340946,200.68389580340948,1.0010147094726562,0.10098700506840441,0.5692947538723233,127.3984375,127.5,96.87272727272727,88.85614719600323,32640,262144,262410,266,265,65731,58,1108419840,6310176,1202495,0,0,1,266,0,9.3885803330013,0.001,iid,2
wan_matrix,uet,bulk,1024,8,2000,0.01,11,1,32640,8,3,1325f499e0168942,749fc4dc541c42c5,60.91911029326767,35.251395459682605,141.00558183873042,141.00558183873042,1.0313949584960938,0.9945482923653902,0.612636233849812,127.35546875,127.5,96.0,88.12133839201769,32640,262144,270374,8230,2689,72882,759,1142059776,6996672,1265445,0,0,5541,8230,0,9.204175833998306,0.01,iid,2
wan_matrix,uet,bulk,1024,8,2000,0.01,29,1,32640,8,3,1325f499e0168942,a4c12b15aaf32382,57.89307701330192,37.09396284993764,148.37585139975056,148.37585139975056,1.0107192993164062,0.9801701427417588,0.5790542028907935,127.21484375,127.5,96.0,88.12133839201769,32640,262144,264954,2810,2597,67506,648,1119165696,6480576,1237474,0,0,213,2809,1,8.98990245800087,0.01,iid,2
wan_matrix,uet,bulk,1024,8,2000,0.01,47,1,32640,8,3,1325f499e0168942,f873d93d1e8f2bd8,63.72037781326098,33.70167788856209,134.80671155424835,134.80671155424835,1.0272560119628906,0.990385793701191,0.6055761653836584,127.1796875,127.5,96.0,88.12133839201769,32640,262144,269289,7145,2667,71753,746,1137476736,6888288,1270350,0,0,4478,7144,1,9.287741125001048,0.01,iid,2
wan_matrix,uet,bulk,1024,8,2000,0.01,71,1,32640,8,3,1325f499e0168942,97e0e21c886852af,66.37562239996542,32.35349922686554,129.41399690746215,129.41399690746215,1.04718017578125,1.0254560820656293,0.6371388963953223,127.46875,127.5,96.0,88.12133839201769,32640,262144,274512,12368,2815,76957,704,1159538688,7387872,1291707,0,0,9553,12368,0,9.464395415998297,0.01,iid,2
wan_matrix,uet,bulk,1024,8,2000,0.01,101,1,32640,8,3,1325f499e0168942,012d46dc90b4caa4,62.76777045330841,34.21315800275982,136.85263201103928,136.85263201103928,1.0320968627929688,0.9898062522638399,0.6136056190942759,127.49609375,127.5,96.0,88.12133839201769,32640,262144,270558,8414,2678,73047,705,1142836992,7012512,1263587,0,0,5736,8414,0,9.071303958000499,0.01,iid,2
wan_matrix,uet,bulk,1024,8,2000,0.03,11,1,32640,8,3,f0cabba5383075aa,0add89d2e8b6fb3a,78.85731626667037,27.232522607514227,108.93009043005692,108.93009043005691,1.0553932189941406,2.970017891674046,0.6364030670502396,127.4921875,127.5,94.06060606060606,86.48449782110757,32640,262144,276665,14521,8217,77471,2371,1168632960,7437216,1303366,0,0,6304,14521,0,9.300501875000919,0.03,iid,2
wan_matrix,uet,bulk,1024,8,2000,0.03,29,1,32640,8,3,f0cabba5383075aa,13546752da3e579a,78.90716479987738,27.215318829999795,108.86127531999918,108.8612753199992,1.1226119995117188,2.989608747952672,0.7284734763276046,127.484375,127.5,94.06060606060606,86.48449782110757,32640,262144,294286,32142,8798,94327,2674,1243064064,9055392,1398996,0,0,23344,32141,1,10.194017249999888,0.03,iid,2
wan_matrix,uet,bulk,1024,8,2000,0.03,47,1,32640,8,3,f0cabba5383075aa,8ebf9b5b2486b7b3,79.4872464000038,27.01670702232173,108.06682808928691,108.06682808928691,1.0780410766601562,3.024748586351123,0.66565668003379,127.4921875,127.5,94.06060606060606,86.48449782110757,32640,262144,282602,20458,8548,82771,2501,1193710848,7946016,1338444,0,0,11910,20458,0,9.65264825000122,0.03,iid,2
wan_matrix,uet,bulk,1024,8,2000,0.03,71,1,32640,8,3,f0cabba5383075aa,49304980cef4a501,84.25179466658298,25.48887719838403,101.95550879353613,101.95550879353611,1.1293144226074219,3.028276297699996,0.7368324564644018,127.453125,127.5,94.06060606060606,86.48449782110757,32640,262144,296043,33899,8965,95979,2821,1250485632,9213984,1407489,0,0,24934,33897,2,10.280667750001157,0.03,iid,2
wan_matrix,uet,bulk,1024,8,2000,0.03,101,1,32640,8,3,f0cabba5383075aa,da436342ac60bdaf,70.26649098662801,30.561987909837065,122.24795163934827,122.24795163934824,1.0613517761230469,3.0151638769781512,0.6438333381800407,127.3046875,127.5,94.06060606060606,86.48449782110757,32640,262144,278227,16083,8389,78818,2407,1175230848,7566528,1309620,0,0,7694,16082,1,9.483246416999464,0.03,iid,2
wan_matrix,uet,bulk,1024,8,2000,0.05,11,1,32640,8,3,a6a623917c8b500b,2c90e96f06e75190,87.34468437325711,24.586311844954228,98.34524737981693,98.34524737981691,1.0834846496582031,4.922032609346229,0.6607119823551949,127.390625,127.5,92.12121212121212,84.84221153559011,32640,262144,284029,21885,13980,82571,4177,1199738496,7926816,1344863,0,0,7905,21881,4,9.370252833999984,0.05,iid,2
wan_matrix,uet,bulk,1024,8,2000,0.05,29,1,32640,8,3,a6a623917c8b500b,e21526d9e72ca42f,93.7722560000591,22.901055595789938,91.60422238315977,91.60422238315975,1.0987091064453125,4.975696132213041,0.6784882362967217,127.453125,127.5,92.12121212121212,84.84221153559011,32640,262144,288020,25876,14331,85984,4134,1216596480,8254464,1368074,0,0,11545,25876,0,9.624298832997738,0.05,iid,2
wan_matrix,uet,bulk,1024,8,2000,0.05,47,1,32640,8,3,a6a623917c8b500b,6b3fd0dfc70c4ba1,85.44925471993854,25.131683769956993,100.52673507982797,100.52673507982796,1.1009140014648438,5.002460169509145,0.6853824350827102,127.1328125,127.5,92.12121212121212,84.84221153559011,32640,262144,288598,26454,14437,87032,4391,1219037952,8355072,1362772,0,0,12017,26453,1,9.760122416999366,0.05,iid,2
wan_matrix,uet,bulk,1024,8,2000,0.05,71,1,32640,8,3,a6a623917c8b500b,b963b58ad0121ab0,88.4164893867143,24.28827091977581,97.15308367910326,97.15308367910325,1.1167373657226562,5.026883373299721,0.7055604517226538,127.22265625,127.5,92.12121212121212,84.84221153559011,32640,262144,292746,30602,14716,90882,4461,1236559104,8724672,1386535,0,0,15886,30600,2,9.850864875003026,0.05,iid,2
wan_matrix,uet,bulk,1024,8,2000,0.05,101,1,32640,8,3,a6a623917c8b500b,0a87ac01a97d3214,85.84091690670958,25.017016655749934,100.06806662299974,100.06806662299975,1.0680999755859375,5.052572179602565,0.6362509724164891,127.39453125,127.5,92.12121212121212,84.84221153559011,32640,262144,279996,17852,14147,78385,4001,1182703104,7524960,1317582,0,0,3705,17850,2,9.20292341700042,0.05,iid,2
wan_matrix,uet,bulk,1024,8,2000,0.1,11,1,32640,8,3,639752b3b392b7c5,b7ba456a4da675e4,114.15863968012968,18.811398366494277,75.24559346597711,75.24559346597711,1.1459617614746094,9.939848272510295,0.7028948907799933,127.4765625,127.5,87.27272727272727,80.71249172936527,32640,262144,300407,38263,29860,92908,9312,1268919168,8919168,1412492,0,0,8403,38255,8,9.713764166001056,0.1,iid,2
wan_matrix,uet,bulk,1024,8,2000,0.1,29,1,32640,8,3,639752b3b392b7c5,48e3820c4dd7c113,108.98112725332058,19.705096672456815,78.82038668982726,78.82038668982726,1.1479606628417969,9.989665405026402,0.7044124581865792,127.484375,127.5,87.27272727272727,80.71249172936527,32640,262144,300931,38787,30062,93271,9183,1271132544,8954016,1417667,0,0,8725,38782,5,9.797959667001123,0.1,iid,2
wan_matrix,uet,bulk,1024,8,2000,0.1,47,1,32640,8,3,639752b3b392b7c5,0ac82ce4d8a45a52,114.50683818667986,18.754195662087618,75.01678264835047,75.01678264835047,1.178619384765625,10.084863157349629,0.7391689283503322,127.28515625,127.5,87.27272727272727,80.71249172936527,32640,262144,308968,46824,31159,100487,10113,1305080832,9646752,1460843,0,0,15665,46816,8,10.188570999998774,0.1,iid,2
wan_matrix,uet,bulk,1024,8,2000,0.1,71,1,32640,8,3,639752b3b392b7c5,57da14a34ff97748,108.83788949331102,19.73102986466841,78.92411945867364,78.92411945867364,1.2438430786132812,10.042752080867064,0.8045359472677868,126.9296875,127.5,87.27272727272727,80.71249172936527,32640,262144,326066,63922,32746,115426,11346,1377302784,11080896,1544362,0,0,31176,63917,5,10.879052416999912,0.1,iid,2
wan_matrix,uet,bulk,1024,8,2000,0.1,101,1,32640,8,3,639752b3b392b7c5,6dacd186982dbf60,108.54539242665352,19.78419903406864,79.13679613627455,79.13679613627455,1.244842529296875,10.065333039150794,0.8033049848339986,127.390625,127.5,87.27272727272727,80.71249172936527,32640,262144,326328,64184,32846,115342,11399,1378409472,11072832,1550962,0,0,31338,64176,8,11.01670720799666,0.1,iid,2
wan_matrix,uet,bulk,1024,8,5000,0.0,11,1,32640,8,3,0c1cdec06c17342c,c9599ad1edf244c8,45.09732256000053,47.618872387442565,190.47548954977026,190.47548954977026,1.0,0.0,0.5684505809437145,0.046875,127.5,96.96969696969697,79.10887687588227,32640,262144,262144,0,0,65567,0,1107296256,6294432,1095509,0,0,0,0,0,9.933452709003177,0.0,iid,2
wan_matrix,uet,bulk,1024,8,5000,0.001,11,1,32640,8,3,c5ccc06e070f1458,b364d5333750b5e3,110.23059818674398,19.481738131928694,77.92695252771477,77.92695252771477,1.0011482238769531,0.11088037493570081,0.5697124419142365,127.48828125,127.5,96.87272727272727,79.04432715048145,32640,262144,262445,301,291,65788,58,1108567680,6315648,1220256,0,0,10,301,0,9.261126417000924,0.001,iid,2
wan_matrix,uet,bulk,1024,8,5000,0.001,29,1,32640,8,3,c5ccc06e070f1458,4d5648eefe80cf1c,102.67702869339392,20.914937599262316,83.65975039704927,83.65975039704927,1.0010452270507812,0.10365142635032658,0.5695632020807885,127.3828125,127.5,96.87272727272727,79.04432715048145,32640,262144,262418,274,272,65764,61,1108453632,6313344,1219845,0,0,2,274,0,9.361266500000056,0.001,iid,2
wan_matrix,uet,bulk,1024,8,5000,0.001,47,1,32640,8,3,c5ccc06e070f1458,0e090ee79e240fef,110.30389930670965,19.468791778872056,77.87516711548822,77.87516711548822,1.0010147094726562,0.10060592203041042,0.5695199393038652,127.4453125,127.5,96.87272727272727,79.04432715048145,32640,262144,262410,266,264,65757,67,1108419840,6312672,1227576,0,0,2,266,0,9.18831579199832,0.001,iid,2
wan_matrix,uet,bulk,1024,8,5000,0.001,71,1,32640,8,3,c5ccc06e070f1458,fb1b20921532dac4,102.6515910400386,20.92012044082578,83.68048176330312,83.68048176330312,1.0010871887207031,0.10783869160801587,0.5696519127771009,127.3984375,127.5,96.87272727272727,79.04432715048145,32640,262144,262429,285,283,65777,56,1108500096,6314592,1216267,0,0,2,285,0,9.458734125000774,0.001,iid,2
wan_matrix,uet,bulk,1024,8,5000,0.001,101,1,32640,8,3,c5ccc06e070f1458,5b5256beb43f3684,102.80145856006858,20.88962236606001,83.55848946424004,83.55848946424004,1.0010261535644531,0.10098585054856275,0.569582715379608,127.3984375,127.5,96.87272727272727,79.04432715048145,32640,262144,262413,269,265,65765,58,1108432512,6313440,1218757,0,0,4,269,0,9.338866458001576,0.001,iid,2
wan_matrix,uet,bulk,1024,8,5000,0.01,11,1,32640,8,3,e1717b8239c0220e,4035e6e6b70d1106,144.99058954674274,14.811193296842786,59.244773187371145,59.24477318737115,1.0101814270019531,0.9927760344091868,0.5798431345893139,127.203125,127.5,96.0,78.46230760177123,32640,262144,264813,2669,2629,67562,703,1118570112,6485952,1256531,0,0,40,2669,0,9.186788458999217,0.01,iid,2
wan_matrix,uet,bulk,1024,8,5000,0.01,29,1,32640,8,3,e1717b8239c0220e,13d6e020796b7669,147.27241536003416,14.58170997433624,58.32683989734496,58.32683989734496,1.010223388671875,0.9802736912062351,0.5800250183312141,127.4921875,127.5,96.0,78.46230760177123,32640,262144,264824,2680,2596,67586,649,1118616576,6488256,1249990,0,0,84,2680,0,9.090528665998136,0.01,iid,2
wan_matrix,uet,bulk,1024,8,5000,0.01,47,1,32640,8,3,e1717b8239c0220e,3927429a872ed656,138.75763242670052,15.47650828601749,61.90603314406996,61.90603314406996,1.0101776123046875,0.9931574097850551,0.5799225659919284,126.99609375,127.5,96.0,78.46230760177123,32640,262144,264812,2668,2630,67571,707,1118565888,6486816,1237584,0,0,38,2667,1,9.243607459000486,0.01,iid,2
wan_matrix,uet,bulk,1024,8,5000,0.01,71,1,32640,8,3,e1717b8239c0220e,23b8a372423b1586,156.69302954649308,13.705036236872365,54.82014494748946,54.82014494748946,1.0104560852050781,1.0234630122505992,0.5801831669661105,127.49609375,127.5,96.0,78.46230760177123,32640,262144,264885,2741,2711,67620,619,1118874240,6491520,1256301,0,0,30,2741,0,9.211893791998591,0.01,iid,2
wan_matrix,uet,bulk,1024,8,5000,0.01,101,1,32640,8,3,e1717b8239c0220e,12420b0d5cf3eb2f,140.3398858666766,15.30201934210006,61.20807736840024,61.20807736840023,1.0101242065429688,0.990566394005997,0.5796871577579892,127.3515625,127.5,96.0,78.46230760177123,32640,262144,264798,2654,2623,67540,653,1118506752,6483840,1245450,0,0,31,2653,1,9.366229665996798,0.01,iid,2
wan_matrix,uet,bulk,1024,8,5000,0.03,11,1,32640,8,3,ef9ff8deac075cd0,6eb8244c095a7a58,186.149242879836,11.536354458267951,46.145417833071804,46.145417833071804,1.0370445251464844,2.9692299203619577,0.6103771897117615,127.47265625,127.5,94.06060606060606,77.16198386610431,32640,262144,271855,9711,8072,73011,2222,1148315520,7009056,1291451,0,0,1639,9711,0,9.315053416998126,0.03,iid,2
wan_matrix,uet,bulk,1024,8,5000,0.03,29,1,32640,8,3,ef9ff8deac075cd0,d2167f7d8d5e7ede,170.4635462400689,12.597905507466301,50.391622029865204,50.3916220298652,1.0316963195800781,2.982773346940134,0.6023984002597662,127.375,127.5,94.06060606060606,77.16198386610431,32640,262144,270453,8309,8067,71685,2066,1142393472,6881760,1282041,0,0,242,8309,0,9.15257924999969,0.03,iid,2
wan_matrix,uet,bulk,1024,8,5000,0.03,47,1,32640,8,3,ef9ff8deac075cd0,be98b413bf5d9d8f,175.30233738650648,12.250171218568692,49.00068487427477,49.00068487427477,1.0338478088378906,3.02933026341521,0.6054803002964926,127.2265625,127.5,94.06060606060606,77.16198386610431,32640,262144,271017,8873,8210,72202,2206,1144775808,6931392,1284334,0,0,663,8871,2,9.12068737500158,0.03,iid,2
wan_matrix,uet,bulk,1024,8,5000,0.03,71,1,32640,8,3,ef9ff8deac075cd0,3a343157b1bd543b,177.87546304001708,12.07296167384748,48.29184669538992,48.29184669538992,1.032135009765625,3.028074273380444,0.6026631517266035,127.23046875,127.5,94.06060606060606,77.16198386610431,32640,262144,270568,8424,8193,71747,2111,1142879232,6887712,1284077,0,0,231,8423,1,8.906225040998834,0.03,iid,2
wan_matrix,uet,bulk,1024,8,5000,0.03,101,1,32640,8,3,ef9ff8deac075cd0,625c5f8889157ba7,185.41477855976882,11.5820522219471,46.3282088877884,46.3282088877884,1.03240966796875,3.0117499261010936,0.602956292155967,127.453125,127.5,94.06060606060606,77.16198386610431,32640,262144,270640,8496,8151,71801,2181,1143183360,6892896,1282574,0,0,345,8494,2,8.85795804100053,0.03,iid,2
wan_matrix,uet,bulk,1024,8,5000,0.05,11,1,32640,8,3,cadc853196ba824a,6fa6c6574d8e050f,207.54078805335317,10.347284830815713,41.38913932326285,41.38913932326285,1.0546989440917969,4.926885197281569,0.6246397526331554,127.1640625,127.5,92.12121212121212,75.85199083124157,32640,262144,276483,14339,13622,75989,3863,1167864192,7294944,1311378,0,0,717,14338,2,9.049599750000198,0.05,iid,2
wan_matrix,uet,bulk,1024,8,5000,0.05,29,1,32640,8,3,cadc853196ba824a,c5f86d718c13d09b,207.51378389327957,10.348631342505954,41.394525370023814,41.394525370023814,1.0577468872070312,4.9779646713454175,0.6281101418903368,127.18359375,127.5,92.12121212121212,75.85199083124157,32640,262144,277282,15138,13803,76632,3710,1171239168,7356672,1316089,0,0,1335,15137,1,9.18478654199862,0.05,iid,2
wan_matrix,uet,bulk,1024,8,5000,0.05,47,1,32640,8,3,cadc853196ba824a,08deb601aa886460,207.6988409599731,10.339410841555223,41.35764336622089,41.35764336622089,1.0556144714355469,5.016568915485883,0.6251082063356432,127.25,127.5,92.12121212121212,75.85199083124157,32640,262144,276723,14579,13882,76112,3871,1168877952,7306752,1312480,0,0,697,14579,0,9.06885337499989,0.05,iid,2
wan_matrix,uet,bulk,1024,8,5000,0.05,71,1,32640,8,3,cadc853196ba824a,a8a79fd68b1f5cac,222.8624034132668,9.635917117961773,38.54366847184709,38.54366847184709,1.0559463500976562,5.03847404356779,0.6251580506484593,127.28515625,127.5,92.12121212121212,75.85199083124157,32640,262144,276810,14666,13947,76142,3745,1169245440,7309632,1313270,0,0,719,14666,0,8.989250208000158,0.05,iid,2
wan_matrix,uet,bulk,1024,8,5000,0.05,101,1,32640,8,3,cadc853196ba824a,7339db4bb8c5049c,215.33549290661787,9.972734262304241,39.890937049216966,39.890937049216966,1.0613365173339844,5.053140825884272,0.6329945272807653,127.38671875,127.5,92.12121212121212,75.85199083124157,32640,262144,278223,16079,14059,77490,3964,1175213952,7439040,1320867,0,0,2020,16077,2,9.02035670800251,0.05,iid,2
wan_matrix,uet,bulk,1024,8,5000,0.1,11,1,32640,8,3,5a5196bbb5d94c1d,7c89f806553ae0fb,295.8717123196398,7.258158041414936,29.03263216565974,29.03263216565974,1.1266860961914062,9.936550715412691,0.6841405105860641,127.46484375,127.5,87.27272727272727,72.53399063819032,32640,262144,295354,33210,29348,88908,8953,1247575296,8535168,1398889,0,0,3862,33210,0,9.562391750001552,0.1,iid,2
wan_matrix,uet,bulk,1024,8,5000,0.1,29,1,32640,8,3,5a5196bbb5d94c1d,2a4868b935bc14a4,287.32798218644285,7.473980193848749,29.895920775394995,29.895920775394995,1.1194953918457031,9.987085518402285,0.6759580305678872,127.47265625,127.5,87.27272727272727,72.53399063819032,32640,262144,293469,31325,29309,87284,8623,1239613056,8379264,1388256,0,0,2016,31321,4,9.357349082998553,0.1,iid,2
wan_matrix,uet,bulk,1024,8,5000,0.1,47,1,32640,8,3,5a5196bbb5d94c1d,4b53e14afc37eb68,282.8858907732342,7.591342368225273,30.365369472901094,30.365369472901094,1.1569938659667969,10.083119298118358,0.7133974304983771,127.44140625,127.5,87.27272727272727,72.53399063819032,32640,262144,303299,41155,30582,95204,9556,1281134976,9139584,1439517,0,0,10573,41148,7,9.804293417000736,0.1,iid,2
wan_matrix,uet,bulk,1024,8,5000,0.1,71,1,32640,8,3,5a5196bbb5d94c1d,3a388de1321e930b,267.9979295999022,8.013060590453097,32.05224236181239,32.05224236181239,1.1194190979003906,10.045697889582177,0.6746255118203907,127.37109375,127.5,87.27272727272727,72.53399063819032,32640,262144,293449,31305,29479,87106,8558,1239528576,8362176,1388043,0,0,1826,31303,2,9.239018791999115,0.1,iid,2
wan_matrix,uet,bulk,1024,8,5000,0.1,101,1,32640,8,3,5a5196bbb5d94c1d,b2ce825410770442,274.4955285333386,7.823382987235726,31.293531948942906,31.293531948942903,1.1208000183105469,10.063271967353163,0.6761613294384361,127.31640625,127.5,87.27272727272727,72.53399063819032,32640,262144,293811,31667,29567,87412,8659,1241057664,8391552,1389956,0,0,2100,31665,2,9.478921750000154,0.1,iid,2
wan_matrix,uet,bulk,1024,8,10000,0.0,11,1,32640,8,3,5791402f9fdf8a16,ea78848e4f101876,90.09732256000443,23.835154996640274,95.34061998656108,95.3406199865611,1.0,0.0,0.5684592507102273,0.046875,127.5,96.96969696969697,66.8042260405788,32640,262144,262144,0,0,65568,0,1107296256,6294528,1113536,0,0,0,0,0,9.89544420799939,0.0,iid,2
wan_matrix,uet,bulk,1024,8,10000,0.001,11,1,32640,8,3,c45aecb20ba78e24,37b9680845aebff9,217.7311803731073,9.863004666212902,39.45201866485161,39.45201866485161,1.0011520385742188,0.1108799524473606,0.5697189309246646,127.48828125,127.5,96.87272727272727,66.75818904671384,32640,262144,262446,302,291,65789,58,1108571904,6315744,1220263,0,0,11,302,0,9.246988416001841,0.001,iid,2
wan_matrix,uet,bulk,1024,8,10000,0.001,29,1,32640,8,3,c45aecb20ba78e24,ff39773e1126833b,202.67727296005089,10.595581915211994,42.38232766084798,42.38232766084798,1.0010643005371094,0.103649451458142,0.5695869922709795,127.3828125,127.5,96.87272727272727,66.75818904671384,32640,262144,262423,279,272,65768,61,1108474752,6313728,1219870,0,0,7,279,0,9.404764000002615,0.001,iid,2
wan_matrix,uet,bulk,1024,8,10000,0.001,47,1,32640,8,3,c45aecb20ba78e24,b1b1ae359f5c2217,217.8050636799118,9.859658961629838,39.438635846519354,39.438635846519354,1.0010223388671875,0.1006051552520464,0.5695329204734262,127.4453125,127.5,96.87272727272727,66.75818904671384,32640,262144,262412,268,264,65759,67,1108428288,6312864,1227649,0,0,4,268,0,9.254554667000775,0.001,iid,2
wan_matrix,uet,bulk,1024,8,10000,0.001,71,1,32640,8,3,c45aecb20ba78e24,4b007772ca1a00ad,202.65333760003222,10.596833358049064,42.38733343219626,42.38733343219626,1.0010986328125,0.10783745884648213,0.5696627212867611,127.3984375,127.5,96.87272727272727,66.75818904671384,32640,262144,262432,288,283,65779,56,1108512768,6314784,1216814,0,0,5,288,0,9.402659291998134,0.001,iid,2
wan_matrix,uet,bulk,1024,8,10000,0.001,101,1,32640,8,3,c45aecb20ba78e24,da6dedc6c17badcd,202.80262293339175,10.58903290765286,42.35613163061144,42.35613163061144,1.0010337829589844,0.10098508088333365,0.5696216783616513,127.3984375,127.5,96.87272727272727,66.75818904671384,32640,262144,262415,271,265,65770,58,1108440960,6313920,1219806,0,0,6,271,0,9.326505541997903,0.001,iid,2
wan_matrix,uet,bulk,1024,8,10000,0.01,11,1,32640,8,3,548613b3e4b43635,596f6a5c11de5fd0,285.44580639964636,7.523262208986023,30.093048835944092,30.093048835944092,1.0104103088378906,0.992928686578096,0.5801665498010539,127.1953125,127.5,96.0,66.34256316704518,32640,262144,264873,2729,2630,67615,704,1118823552,6491040,1255196,0,0,99,2729,0,8.977114917001018,0.01,iid,2
wan_matrix,uet,bulk,1024,8,10000,0.01,29,1,32640,8,3,548613b3e4b43635,e6d09a94eee0cb01,292.27241535991163,7.347541318107405,29.390165272429623,29.39016527242962,1.010223388671875,0.9802736912062351,0.5800250183312141,127.4921875,127.5,96.0,66.34256316704518,32640,262144,264824,2680,2596,67586,649,1118616576,6488256,1250069,0,0,84,2680,0,9.1056658339985,0.01,iid,2
wan_matrix,uet,bulk,1024,8,10000,0.01,47,1,32640,8,3,548613b3e4b43635,cdb87e4005a785aa,276.25763242665596,7.77348169220316,31.09392676881264,31.09392676881264,1.0101776123046875,0.9931574097850551,0.5799225659919284,126.99609375,127.5,96.0,66.34256316704518,32640,262144,264812,2668,2630,67571,707,1118565888,6486816,1237653,0,0,38,2667,1,8.918290207999235,0.01,iid,2
wan_matrix,uet,bulk,1024,8,10000,0.01,71,1,32640,8,3,548613b3e4b43635,de6be08a2117df32,309.2969032533875,6.943113963998215,27.772455855992856,27.772455855992863,1.0124320983886719,1.0233493969548197,0.5832810686184612,127.49609375,127.5,96.0,66.34256316704518,32640,262144,265403,3259,2716,68114,629,1121062272,6538944,1257822,0,0,543,3259,0,9.063694249998662,0.01,iid,2
wan_matrix,uet,bulk,1024,8,10000,0.01,101,1,32640,8,3,548613b3e4b43635,24cb6a1e5a7ab19c,283.9386537597725,7.563195850808279,30.252783403233117,30.25278340323312,1.0101356506347656,0.9905551716194425,0.5798093319477302,127.38671875,127.5,96.0,66.34256316704518,32640,262144,264801,2657,2623,67555,653,1118519424,6485280,1237175,0,0,34,2656,1,8.99854870800118,0.01,iid,2
wan_matrix,uet,bulk,1024,8,10000,0.03,11,1,32640,8,3,87c6de8c7557e38b,d234cdefd22bcae0,397.7455786669305,5.399138955101468,21.596555820405868,21.59655582040587,1.0340003967285156,2.9713307533101894,0.6056592591896974,127.4453125,127.5,94.06060606060606,65.41053936133855,32640,262144,271057,8913,8054,72234,2199,1144944768,6934464,1287087,0,0,859,8913,0,9.154634833001182,0.03,iid,2
wan_matrix,uet,bulk,1024,8,10000,0.03,29,1,32640,8,3,87c6de8c7557e38b,c3a7c005c09ca96c,352.9232768000134,6.084845600073263,24.33938240029305,24.33938240029305,1.0317916870117188,2.982867368140847,0.6023343185700197,127.375,127.5,94.06060606060606,65.41053936133855,32640,262144,270478,8334,8068,71684,2066,1142499072,6881664,1284138,0,0,266,8334,0,9.245114791996457,0.03,iid,2
wan_matrix,uet,bulk,1024,8,10000,0.03,47,1,32640,8,3,87c6de8c7557e38b,cdd4998e03f9f378,367.8891560534704,5.837311626787599,23.349246507150397,23.349246507150397,1.0325393676757812,3.029844019004411,0.6035858634371974,127.44921875,127.5,94.06060606060606,65.41053936133855,32640,262144,270674,8530,8201,71885,2199,1143326976,6900960,1285212,0,0,329,8529,1,9.062160583998775,0.03,iid,2
wan_matrix,uet,bulk,1024,8,10000,0.03,71,1,32640,8,3,87c6de8c7557e38b,07401d6e62d42089,367.8506717866407,5.837922322038262,23.351689288153047,23.351689288153047,1.0322914123535156,3.027985026366455,0.6023366823451077,127.23046875,127.5,94.06060606060606,65.41053936133855,32640,262144,270609,8465,8194,71719,2111,1143052416,6885024,1283565,0,0,271,8465,0,8.919565208001586,0.03,iid,2
wan_matrix,uet,bulk,1024,8,10000,0.03,101,1,32640,8,3,87c6de8c7557e38b,585d79fd861d6199,382.95744533335056,5.607629970820109,22.430519883280436,22.430519883280436,1.0371322631835938,3.0116449289754965,0.6103004756812714,127.43359375,127.5,94.06060606060606,65.41053936133855,32640,262144,271878,9734,8188,73008,2213,1148412672,7008768,1290681,0,0,1546,9734,0,8.934009832999436,0.03,iid,2
wan_matrix,uet,bulk,1024,8,10000,0.05,11,1,32640,8,3,f06ce5c14a5870af,a1dadc7e57fb4991,384.3301975469724,5.58760061454067,22.35040245816268,22.35040245816268,1.1077690124511719,4.915373887291448,0.6956512211423624,127.25390625,127.5,92.12121212121212,64.46673490706914,32640,262144,290395,28251,14274,88886,4504,1226628480,8533056,1387042,0,0,13977,28248,3,9.878025583002454,0.05,iid,2
wan_matrix,uet,bulk,1024,8,10000,0.05,29,1,32640,8,3,f06ce5c14a5870af,1389d0fefe49b0a8,411.8152665599866,5.214677119521477,20.85870847808591,20.85870847808591,1.05474853515625,4.977648862913026,0.6241007596361743,127.37109375,127.5,92.12121212121212,64.46673490706914,32640,262144,276496,14352,13763,75927,3684,1167919104,7288992,1311431,0,0,589,14347,5,8.962484666997625,0.05,iid,2
wan_matrix,uet,bulk,1024,8,10000,0.05,47,1,32640,8,3,f06ce5c14a5870af,ec01acdb52b1ebb9,426.7399287465672,5.032300713710224,20.129202854840894,20.129202854840894,1.055511474609375,5.016335617428513,0.625160990598149,127.25,127.5,92.12121212121212,64.46673490706914,32640,262144,276696,14552,13880,76111,3871,1168763904,7306656,1312539,0,0,672,14550,2,9.082530583000334,0.05,iid,2
wan_matrix,uet,bulk,1024,8,10000,0.05,71,1,32640,8,3,f06ce5c14a5870af,034b60d97b1191ae,411.9959601068804,5.212390061890165,20.84956024756066,20.84956024756066,1.055938720703125,5.0385104476749225,0.6256059336172628,127.1640625,127.5,92.12121212121212,64.46673490706914,32640,262144,276808,14664,13947,76196,3748,1169236992,7314816,1313708,0,0,717,14660,4,9.120331541998894,0.05,iid,2
wan_matrix,uet,bulk,1024,8,10000,0.05,101,1,32640,8,3,f06ce5c14a5870af,84a6a8d7960b2c6f,427.4107660800515,5.024402327754629,20.097609311018516,20.097609311018516,1.058349609375,5.05694925028835,0.628702684282269,127.3125,127.5,92.12121212121212,64.46673490706914,32640,262144,277440,15296,14030,76748,3930,1171906560,7367808,1316451,0,0,1266,15294,2,8.988468709001609,0.05,iid,2
wan_matrix,uet,bulk,1024,8,10000,0.1,11,1,32640,8,3,311ad03caf47bd40,23366a29087128d1,532.9316494934502,4.02956673720012,16.11826694880048,16.11826694880048,1.1258316040039062,9.935960424219834,0.6816256626509736,127.3984375,127.5,87.27272727272727,62.054194112183104,32640,262144,295130,32986,29324,88514,8922,1246629120,8497344,1396742,0,0,3662,32980,6,9.40516608300095,0.1,iid,2
wan_matrix,uet,bulk,1024,8,10000,0.1,29,1,32640,8,3,311ad03caf47bd40,df9a7704095d984f,504.1882803201912,4.25928910254759,17.03715641019036,17.03715641019036,1.1291236877441406,9.984357738189754,0.6853356175806369,126.87890625,127.5,87.27272727272727,62.054194112183104,32640,262144,295993,33849,29553,89256,8802,1250274432,8568576,1401241,0,0,4296,33845,4,9.495070624998334,0.1,iid,2
wan_matrix,uet,bulk,1024,8,10000,0.1,47,1,32640,8,3,311ad03caf47bd40,aee62df4858cc4cf,518.0299291735286,4.145481809180644,16.581927236722574,16.581927236722574,1.1391639709472656,10.084889074926748,0.6935956467141063,127.17578125,127.5,87.27272727272727,62.054194112183104,32640,262144,298625,36481,30116,91135,9136,1261392000,8748960,1414015,0,0,6365,36472,9,9.541469790998235,0.1,iid,2
wan_matrix,uet,bulk,1024,8,10000,0.1,71,1,32640,8,3,311ad03caf47bd40,fb1ce7c6ae7cfd29,563.9098617602366,3.8082037460679627,15.232814984271851,15.232814984271851,1.1212997436523438,10.047900606242049,0.6762620455117614,127.484375,127.5,87.27272727272727,62.054194112183104,32640,262144,293942,31798,29535,87464,8594,1241611008,8396544,1390629,0,0,2263,31796,2,9.264324583000416,0.1,iid,2
wan_matrix,uet,bulk,1024,8,10000,0.1,101,1,32640,8,3,311ad03caf47bd40,9c1f04a8e2d9b844,536.6036579202711,4.00199218977198,16.00796875908792,16.00796875908792,1.1259613037109375,10.060169939423506,0.6795297775905167,127.203125,127.5,87.27272727272727,62.054194112183104,32640,262144,295164,33020,29694,88252,8758,1246772736,8472192,1395594,0,0,3326,33015,5,9.399521207997168,0.1,iid,2
wan_path_skew,optimized,bulk,1024,8,1000,0.05,11,3,94697,8,3,b1c0f64192139323,3ab6edc9373cd827,25.343206773433366,84.7360662444325,338.94426497773,338.94426497773,1.0579071044921875,4.9699989903506365,0.7229564762450484,144.0234375,369.91015625,92.12121212121212,88.33200900159481,94697,262144,277324,15180,13783,88217,4397,1171416576,8468832,1274383,1316,8196,1397,13864,0,4.704660040999443,0.05,iid,100
wan_path_skew,optimized,bulk,1024,8,1000,0.05,29,3,94697,8,3,b1c0f64192139323,dcabe1427302765e,25.438760320099924,84.41777904968149,337.67111619872594,337.67111619872594,1.0565605163574219,4.880655375472522,0.7213669563698989,138.21484375,369.91015625,92.12121212121212,88.33200900159481,94697,262144,276971,14827,13518,87911,4316,1169925504,8439456,1273356,1250,8196,1309,13576,1,4.6285297499998705,0.05,iid,100
wan_path_skew,optimized,bulk,1024,8,1000,0.05,47,3,94697,8,3,b1c0f64192139323,7cd33274aee15011,25.362769866766627,84.67070668073573,338.68282672294293,338.68282672294293,1.0575981140136719,4.973254509581847,0.722798804986633,147.68359375,369.91015625,92.12121212121212,88.33200900159481,94697,262144,277243,15099,13788,88172,4469,1171074432,8464512,1274158,1238,8196,1311,13861,0,4.72243724999862,0.05,iid,100
wan_path_skew,optimized,bulk,1024,8,1000,0.05,71,3,94697,8,3,b1c0f64192139323,870a441bf710c64d,25.49177749343336,84.24220902419175,336.96883609676695,336.968836096767,1.0580863952636719,4.990067454780781,0.7229650736902756,126.68359375,369.91015625,92.12121212121212,88.33200900159481,94697,262144,277371,15227,13841,88233,4340,1171615104,8470368,1275275,1350,8196,1386,13875,2,4.629961624999851,0.05,iid,100
wan_path_skew,optimized,bulk,1024,8,1000,0.05,101,3,94697,8,3,b1c0f64192139323,79c56ed66e9f897f,25.454051200100004,84.36706719563615,337.4682687825446,337.4682687825446,1.0579376220703125,4.982115298631244,0.7229028417531728,124.08984375,369.91015625,92.12121212121212,88.33200900159481,94697,262144,277332,15188,13817,88213,4528,1171450368,8468448,1274847,1308,8196,1371,13879,1,4.707467750002252,0.05,iid,100
wan_path_skew,uet,bulk,1024,8,1000,0.05,11,1,32640,8,3,1d2a397ad89c38ba,c826d05e45ed4dc6,45.21073194664397,47.499422272888225,189.9976890915529,189.9976890915529,1.3786392211914062,4.920282676908263,0.9586089225244515,127.34375,127.5,92.12121212121212,88.33200900159481,32640,262144,361402,99258,17782,152435,7637,1526562048,14633760,1698998,0,0,81476,99245,13,11.197347332999925,0.05,iid,100
wan_path_skew,uet,bulk,1024,8,1000,0.05,29,1,32640,8,3,1d2a397ad89c38ba,933a0e37249fa657,44.672595199991,48.07161165332146,192.28644661328585,192.28644661328585,1.3937263488769531,4.9967565969722765,0.9595222804494832,127.0859375,127.5,92.12121212121212,88.33200900159481,32640,262144,365357,103213,18256,154250,7506,1543267968,14808000,1721362,0,0,84957,103091,123,11.548457708999194,0.05,iid,100
wan_path_skew,uet,bulk,1024,8,1000,0.05,47,1,32640,8,3,1d2a397ad89c38ba,1a95633eaa800347,45.843502079949445,46.84379575222819,187.37518300891276,187.37518300891276,1.4445075988769531,5.02840211371937,1.0038750561476213,126.921875,127.5,92.12121212121212,88.33200900159481,32640,262144,378669,116525,19041,167260,8403,1599497856,16056960,1788702,0,0,97483,116284,241,11.827925707999384,0.05,iid,100
wan_path_skew,uet,bulk,1024,8,1000,0.05,71,1,32640,8,3,1d2a397ad89c38ba,816d0196eb2669fc,47.07657002660345,45.61682481936206,182.4672992774482,182.46729927744823,1.432281494140625,5.026580444463384,0.9922813081704481,127.421875,127.5,92.12121212121212,88.33200900159481,32640,262144,375464,113320,18873,163929,8134,1585959936,15737184,1781615,0,0,94447,113143,177,11.427677166997455,0.05,iid,100
wan_path_skew,uet,bulk,1024,8,1000,0.05,101,1,32640,8,3,1d2a397ad89c38ba,efe31767519e0fd1,46.46623829324873,46.21599954890294,184.86399819561177,184.86399819561177,1.4409980773925781,5.035089437695401,0.9935288920805758,127.34375,127.5,92.12121212121212,88.33200900159481,32640,262144,377749,115605,19020,165134,8337,1595611776,15852864,1790410,0,0,96585,115384,221,11.591781333001563,0.05,iid,100
wan_window_only,window_only,bulk,1024,8,1000,0.05,11,3,94697,8,3,43684dd3cb34a6be,dcd0fc2ccf54f4d2,35.63881952013642,60.25686812624762,241.02747250499047,241.0274725049905,1.3860397338867188,4.974101535192738,0.9818573134952744,166.109375,369.91015625,92.12121212121212,88.33200900159481,94697,262144,363342,101198,18073,156970,7810,1534756608,15069120,1692076,0,0,83125,101218,0,7.22846029199718,0.05,iid,2
wan_window_only,window_only,bulk,1024,8,1000,0.05,29,3,94697,8,3,43684dd3cb34a6be,45f2a0b7b4d2d6e7,35.15468298680054,61.086702127460846,244.34680850984338,244.34680850984338,1.3895530700683594,4.897285752327302,0.9846968711168479,125.26171875,369.91015625,92.12121212121212,88.33200900159481,94697,262144,364263,102119,17839,157823,7761,1538646912,15151008,1697070,0,0,84279,102129,2,6.917383500000142,0.05,iid,2
wan_window_only,window_only,bulk,1024,8,1000,0.05,47,3,94697,8,3,43684dd3cb34a6be,f83dbfa36ae9dc37,35.69231370680338,60.16655758549674,240.66623034198696,240.66623034198693,1.3864555358886719,4.98471595896008,0.9818880174168783,141.05859375,369.91015625,92.12121212121212,88.33200900159481,94697,262144,363451,101307,18117,157022,7904,1535217024,15074112,1693403,0,0,83190,101320,0,7.0574192499989294,0.05,iid,2
wan_window_only,window_only,bulk,1024,8,1000,0.05,71,3,94697,8,3,43684dd3cb34a6be,1d56b24ae9559846,35.086160533466845,61.20600303221061,244.82401212884244,244.82401212884244,1.3576774597167969,5.001025548809099,0.9599481682778724,142.46875,369.91015625,92.12121212121212,88.33200900159481,94697,262144,355907,93763,17799,150327,7434,1503351168,14431392,1657222,0,0,75964,93784,0,6.831917125000473,0.05,iid,2
wan_window_only,window_only,bulk,1024,8,1000,0.05,101,3,94697,8,3,43684dd3cb34a6be,5218ab95a608169b,35.878930026804376,59.85361454189581,239.4144581675832,239.4144581675832,1.4022979736328125,5.0135471866465,0.9924835123962447,144.74609375,369.91015625,92.12121212121212,88.33200900159481,94697,262144,367604,105460,18430,160530,8138,1552759296,15410880,1713050,0,0,87030,105468,0,7.097752124998806,0.05,iid,2
wan_window_only,window_only,bulk,1024,8,10000,0.05,11,17,524288,8,3,84e38bba3a297301,8f9476d9a204ddb5,77.51120480009607,27.705460823869664,110.82184329547867,110.82184329547867,1.0672645568847656,4.998266476515225,2.1587891265348667,976.13671875,2048.0,92.12121212121212,64.46673490706914,524288,262144,279777,17633,13984,265751,13120,1181778048,25512096,1737727,0,0,3649,17632,1,5.800505750001321,0.05,iid,2
wan_window_only,window_only,bulk,1024,8,10000,0.05,29,17,524288,8,3,84e38bba3a297301,9eef7b9709739a64,88.31086837340717,24.317320025885582,97.26928010354233,97.26928010354233,1.0685577392578125,4.996144454440303,2.1587404049491186,977.5078125,2048.0,92.12121212121212,64.46673490706914,524288,262144,280116,17972,13995,266067,13344,1183209984,25542432,1740399,0,0,3977,17971,1,6.08961833399735,0.05,iid,2
wan_window_only,window_only,bulk,1024,8,10000,0.05,47,17,524288,8,3,84e38bba3a297301,903179edaf93b7c0,76.90017930675951,27.925600009767944,111.70240003907178,111.70240003907178,1.0676918029785156,5.002340213441758,2.158867200276473,979.12109375,2048.0,92.12121212121212,64.46673490706914,524288,262144,279889,17745,14001,265867,13137,1182251136,25523232,1738062,0,0,3744,17744,1,5.953807457997755,0.05,iid,2
wan_window_only,window_only,bulk,1024,8,10000,0.05,71,17,524288,8,3,84e38bba3a297301,8c1d84de85184c03,91.173632960089,23.55377951145212,94.21511804580848,94.21511804580848,1.0683364868164062,4.980396917781317,2.1590089455495907,981.671875,2048.0,92.12121212121212,64.46673490706914,524288,262144,280058,17914,13948,266045,13322,1182964992,25540320,1740256,0,0,3966,17913,1,6.191376250000758,0.05,iid,2
wan_window_only,window_only,bulk,1024,8,10000,0.05,101,17,524288,8,3,84e38bba3a297301,226a974da38adfac,100.66367840005984,21.33325229250438,85.33300917001752,85.33300917001752,1.0684165954589844,5.049289664701745,2.157394553289997,982.33984375,2048.0,92.12121212121212,64.46673490706914,524288,262144,280079,17935,14142,265866,13365,1183053696,25523136,1739901,0,0,3793,17931,4,6.06766795799922,0.05,iid,2
